"","ID","V1_SitioZona","V2_TiempoConoce_meses","V3_Recomienda","V4_Atencion_cat","V5_Atencion_1a4","V6_VisitasSemana","V7_PrecioAlmuerzo","V8_CompanerosAlmuerzo","V9_Edad","V11_Ingresos","V12_Gastos","V13_PesoKg","V14_EstaturaCm","V15_Sexo"
"1",1,"Zona Norte",18,"Sí","Regular",2,4,31723,2,51,2702446,1794479,61.4,166.1,"Masculino"
"2",2,"Zona Sur",21,"No","Buena",3,6,21306,2,24,1500000,1162990,60.9,154.4,"Femenino"
"3",3,"Zona Sur",50,"No","Regular",2,2,13996,2,39,2410984,1049828,69.7,183.5,"Masculino"
"4",4,"Zona Centro",21,"Sí","Mala",1,1,21114,0,29,8557637,6749036,85,158.2,"Femenino"
"5",5,"Zona Centro",66,"Sí","Regular",2,6,21419,2,59,2018402,1099514,69.4,177.7,"Masculino"
"6",6,"Zona Norte",40,"No","Regular",2,1,25708,1,35,4010542,2072082,66.2,171.4,"Masculino"
"7",7,"Zona Centro",30,"No","Regular",2,4,21898,0,64,1500000,1023380,67.7,155.4,"Femenino"
"8",8,"Zona Centro",93,"No","Mala",1,1,25197,1,48,3704795,2503799,50,171.1,"Masculino"
"9",9,"Zona Sur",25,"No","Mala",1,2,16217,2,29,2327929,1212977,85.2,157.7,"Femenino"
"10",10,"Zona Sur",50,"Sí","Excelente",4,2,19815,5,39,1784790,1301359,62.6,156.5,"Femenino"
"11",11,"Zona Centro",34,"No","Regular",2,2,22474,1,31,10066995,6156472,77.3,180.9,"Masculino"
"12",12,"Zona Sur",27,"No","Mala",1,7,18452,2,46,3591508,2430242,71.7,150,"Femenino"
"13",13,"Zona Norte",45,"No","Excelente",4,1,30049,0,63,4520269,2035240,48.5,156.6,"Femenino"
"14",14,"Zona Sur",9,"No","Regular",2,2,21142,0,18,4356102,2389411,45,161.9,"Femenino"
"15",15,"Zona Norte",41,"Sí","Buena",3,2,25050,0,38,1500000,997388,72.4,176.2,"Masculino"
"16",16,"Zona Norte",21,"No","Regular",2,0,29217,1,38,2069157,606264,66.7,178.1,"Masculino"
"17",17,"Zona Centro",28,"No","Regular",2,5,21385,3,54,4304706,2158218,70,156.8,"Femenino"
"18",18,"Zona Sur",29,"Sí","Regular",2,2,17007,0,62,3311937,2082033,77.5,169.9,"Masculino"
"19",19,"Zona Centro",34,"Sí","Regular",2,5,21544,2,31,3030474,1430942,67.2,170.3,"Masculino"
"20",20,"Zona Norte",8,"Sí","Regular",2,1,23696,2,32,5741863,3199365,50,159.7,"Femenino"
"21",21,"Zona Centro",120,"Sí","Mala",1,1,18659,3,42,3006616,1924406,62.4,157.8,"Femenino"
"22",22,"Zona Sur",16,"Sí","Mala",1,4,15593,2,22,2578564,2094993,79.2,180.8,"Masculino"
"23",23,"Zona Centro",104,"No","Mala",1,1,23839,1,47,1832397,1341861,74.5,159.3,"Masculino"
"24",24,"Zona Norte",52,"No","Regular",2,2,27529,1,37,3314068,1796640,53.2,156.8,"Femenino"
"25",25,"Zona Sur",33,"Sí","Buena",3,4,17821,3,35,3427375,2064120,47.3,166.4,"Femenino"
"26",26,"Zona Sur",21,"Sí","Buena",3,2,16959,4,29,2068366,1479915,80.4,165.3,"Femenino"
"27",27,"Zona Norte",4,"No","Buena",3,3,27975,1,41,3666967,2558728,68.6,158.3,"Masculino"
"28",28,"Zona Centro",45,"Sí","Regular",2,1,18166,0,62,1563307,740670,54.2,150.1,"Femenino"
"29",29,"Zona Norte",8,"No","Regular",2,3,30301,5,33,6844277,3466847,51.8,175.9,"Masculino"
"30",30,"Zona Norte",49,"Sí","Excelente",4,2,28072,0,32,5264627,2181130,80.3,177.8,"Masculino"
"31",31,"Zona Centro",23,"Sí","Mala",1,2,23092,1,33,1500000,1084373,80.7,176,"Masculino"
"32",32,"Zona Sur",73,"Sí","Buena",3,5,14792,2,39,1898621,869463,60.9,169.8,"Masculino"
"33",33,"Zona Centro",30,"No","Regular",2,3,21424,2,24,2256412,1379160,70.5,169.9,"Masculino"
"34",34,"Zona Sur",29,"No","Regular",2,3,16331,2,34,2439542,1521883,67.5,157.4,"Femenino"
"35",35,"Zona Norte",51,"Sí","Mala",1,3,27834,1,50,1571955,1018158,82.6,164.5,"Masculino"
"36",36,"Zona Norte",35,"No","Regular",2,0,29948,1,48,2694767,1476490,59.6,164.8,"Femenino"
"37",37,"Zona Centro",18,"Sí","Excelente",4,3,20753,0,46,5743127,3683200,74.4,174.1,"Masculino"
"38",38,"Zona Sur",13,"No","Buena",3,5,17922,2,55,1500000,1162470,71,168.4,"Masculino"
"39",39,"Zona Sur",14,"No","Regular",2,5,18192,2,30,2842981,2107862,73,158.3,"Femenino"
"40",40,"Zona Centro",18,"Sí","Regular",2,3,23710,3,45,1689195,991267,76.1,170.6,"Masculino"
"41",41,"Zona Sur",95,"Sí","Excelente",4,3,14250,3,50,3339274,1745969,75.5,154.1,"Femenino"
"42",42,"Zona Centro",30,"Sí","Regular",2,2,25965,1,42,3035043,2140902,76,175,"Masculino"
"43",43,"Zona Sur",18,"No","Mala",1,1,16831,0,56,2564843,1136525,57,177.9,"Masculino"
"44",44,"Zona Sur",10,"Sí","Buena",3,2,13774,5,26,2152235,1619940,86.9,175,"Masculino"
"45",45,"Zona Centro",5,"No","Excelente",4,0,18760,1,29,2442660,1027180,62.1,177.2,"Masculino"
"46",46,"Zona Sur",9,"Sí","Buena",3,3,14304,0,23,1500000,938035,74.8,169.3,"Masculino"
"47",47,"Zona Norte",22,"No","Buena",3,3,26136,2,25,3454113,2086835,45,156.7,"Femenino"
"48",48,"Zona Centro",22,"No","Buena",3,3,22308,0,28,2725772,1781540,59,164.7,"Femenino"
"49",49,"Zona Norte",46,"No","Excelente",4,1,25931,0,40,7667940,5186976,52,157.4,"Femenino"
"50",50,"Zona Centro",49,"No","Mala",1,2,23751,1,31,2652406,1733141,74.1,177.9,"Masculino"
"51",51,"Zona Centro",15,"Sí","Buena",3,2,18491,1,46,1662624,1224728,73.6,168.1,"Masculino"
"52",52,"Zona Sur",11,"No","Buena",3,5,16300,1,60,3093201,1742579,73,158,"Femenino"
"53",53,"Zona Norte",34,"No","Excelente",4,3,30314,2,23,7423081,5864255,70.8,155.8,"Femenino"
"54",54,"Zona Centro",20,"No","Mala",1,2,23947,3,28,3353999,1854305,70.1,173.2,"Masculino"
"55",55,"Zona Norte",42,"Sí","Regular",2,0,27408,2,34,10316983,7139249,65.3,172.2,"Masculino"
"56",56,"Zona Sur",6,"Sí","Excelente",4,5,16716,4,63,1637245,900090,69.1,165.6,"Femenino"
"57",57,"Zona Sur",15,"Sí","Excelente",4,1,16500,5,32,2404361,1369606,73.5,177.1,"Masculino"
"58",58,"Zona Norte",32,"Sí","Buena",3,0,25786,0,48,5895772,3401032,63.9,150,"Femenino"
"59",59,"Zona Sur",8,"No","Buena",3,9,19939,3,41,1500000,845289,77.2,168.8,"Masculino"
"60",60,"Zona Centro",22,"Sí","Buena",3,4,19126,2,28,3375962,1889684,64.6,173.7,"Masculino"
"61",61,"Zona Norte",51,"Sí","Excelente",4,1,29162,1,26,3612263,2907564,57.2,157.6,"Femenino"
"62",62,"Zona Centro",27,"Sí","Regular",2,5,15925,5,52,8325970,3236900,72.1,161.3,"Femenino"
"63",63,"Zona Centro",16,"Sí","Mala",1,4,25402,1,34,2367621,1420418,86.3,179.6,"Masculino"
"64",64,"Zona Sur",10,"Sí","Mala",1,3,14751,3,28,1500000,801074,75.5,180.3,"Masculino"
"65",65,"Zona Centro",18,"Sí","Excelente",4,3,17549,1,35,4408906,2672199,74.5,160.6,"Femenino"
"66",66,"Zona Sur",16,"Sí","Regular",2,3,15469,1,38,2701336,1372276,66.8,164.2,"Masculino"
"67",67,"Zona Sur",15,"No","Mala",1,5,16368,2,32,1557499,1233795,78.6,170.7,"Masculino"
"68",68,"Zona Norte",23,"Sí","Buena",3,0,28259,4,32,5907179,4707163,67,158.2,"Femenino"
"69",69,"Zona Centro",13,"Sí","Excelente",4,4,21318,3,43,5232000,3794059,79.8,171.2,"Masculino"
"70",70,"Zona Centro",19,"No","Buena",3,2,22237,1,41,1500000,793076,78.5,155.7,"Femenino"
"71",71,"Zona Centro",21,"No","Mala",1,3,24849,3,37,2287148,1779759,72.6,166.2,"Masculino"
"72",72,"Zona Centro",86,"No","Buena",3,2,26350,3,41,5799709,2227459,77.9,171.2,"Masculino"
"73",73,"Zona Centro",5,"No","Regular",2,3,16573,4,57,4159393,2735383,70.7,155.5,"Femenino"
"74",74,"Zona Centro",15,"Sí","Mala",1,3,19873,2,28,1515601,1098029,64,161.8,"Femenino"
"75",75,"Zona Sur",43,"No","Regular",2,2,17874,1,55,3000125,1323191,65.9,160.2,"Masculino"
"76",76,"Zona Centro",15,"Sí","Buena",3,3,19923,1,18,3014785,1883949,77.6,160.9,"Femenino"
"77",77,"Zona Norte",75,"Sí","Buena",3,1,31764,0,29,4322951,3023056,51.8,166.7,"Masculino"
"78",78,"Zona Sur",21,"No","Regular",2,3,18670,4,30,2576242,2041107,75.3,180.8,"Masculino"
"79",79,"Zona Norte",39,"No","Regular",2,3,29227,1,32,2437504,1919201,81.5,168.9,"Masculino"
"80",80,"Zona Norte",39,"Sí","Buena",3,1,27749,0,29,5771751,4038645,53.6,158.4,"Femenino"
"81",81,"Zona Sur",72,"No","Buena",3,8,18823,1,44,3588416,1762448,64.5,165.6,"Masculino"
"82",82,"Zona Norte",26,"Sí","Regular",2,1,29546,2,30,11562100,8627634,70.5,164,"Masculino"
"83",83,"Zona Norte",14,"No","Mala",1,2,28787,0,42,3031931,2003948,63.5,173.3,"Masculino"
"84",84,"Zona Centro",22,"No","Mala",1,6,25278,2,60,6628031,3164122,57.4,177.3,"Masculino"
"85",85,"Zona Norte",31,"Sí","Regular",2,1,29203,2,36,1788857,1223140,78.8,173.1,"Masculino"
"86",86,"Zona Centro",19,"Sí","Buena",3,3,19031,3,26,2299020,1116684,60.4,174.1,"Masculino"
"87",87,"Zona Norte",7,"Sí","Buena",3,4,25912,0,51,2024947,1059653,73,160,"Femenino"
"88",88,"Zona Norte",23,"No","Regular",2,1,29698,0,27,5439340,2548090,64.1,164.5,"Femenino"
"89",89,"Zona Norte",57,"Sí","Regular",2,2,27752,0,49,6405375,3974960,62.8,171.4,"Masculino"
"90",90,"Zona Norte",19,"Sí","Buena",3,3,28003,2,41,5231288,3639342,62.8,184,"Masculino"
"91",91,"Zona Norte",33,"Sí","Excelente",4,1,26783,1,43,4533789,1465993,63.9,172.6,"Masculino"
"92",92,"Zona Norte",103,"Sí","Mala",1,1,30334,1,23,2436338,1418613,73.8,172,"Masculino"
"93",93,"Zona Centro",6,"Sí","Regular",2,1,21522,2,46,3384149,1075634,59,153.2,"Femenino"
"94",94,"Zona Centro",18,"No","Regular",2,6,23338,0,39,1500000,753580,70.7,162.2,"Femenino"
"95",95,"Zona Centro",19,"No","Regular",2,3,21968,3,35,4242938,1147969,63.5,163.6,"Femenino"
"96",96,"Zona Norte",66,"Sí","Buena",3,2,26592,2,26,6407801,3143221,70.3,161.3,"Femenino"
"97",97,"Zona Norte",14,"No","Regular",2,1,28053,1,33,5376281,2806901,72.5,159.5,"Femenino"
"98",98,"Zona Centro",14,"Sí","Regular",2,3,21783,2,44,3316203,1236800,63.9,169.2,"Masculino"
"99",99,"Zona Norte",21,"No","Regular",2,1,27852,0,35,7142175,5028434,48.8,173.8,"Femenino"
"100",100,"Zona Centro",34,"Sí","Excelente",4,4,23112,1,30,6405588,3358657,58.7,175.8,"Masculino"
"101",101,"Zona Centro",57,"Sí","Excelente",4,6,19035,2,32,1500000,883264,72.1,169.6,"Masculino"
"102",102,"Zona Norte",21,"No","Excelente",4,2,26122,4,53,13762004,6661664,60.7,153.3,"Femenino"
"103",103,"Zona Sur",46,"No","Regular",2,3,17318,3,30,1822614,1089059,53.4,165.9,"Masculino"
"104",104,"Zona Norte",14,"No","Regular",2,1,28050,2,48,2099188,1011412,74.6,158.6,"Femenino"
"105",105,"Zona Norte",11,"No","Buena",3,1,27132,5,34,7524300,4790226,63.3,162.5,"Femenino"
"106",106,"Zona Sur",18,"Sí","Buena",3,0,15698,1,49,1500000,705582,88.2,182.4,"Masculino"
"107",107,"Zona Sur",27,"No","Regular",2,6,18568,3,53,1500000,583235,68,171.8,"Masculino"
"108",108,"Zona Norte",38,"Sí","Buena",3,2,25460,2,27,4036411,2320376,70.9,151.3,"Femenino"
"109",109,"Zona Norte",26,"No","Buena",3,3,25381,1,36,2290102,962069,70.1,166.2,"Masculino"
"110",110,"Zona Centro",15,"Sí","Excelente",4,1,24234,4,44,3747475,2412539,60,155.7,"Femenino"
"111",111,"Zona Centro",90,"Sí","Buena",3,4,18652,0,27,2653913,1912049,73.5,157.9,"Masculino"
"112",112,"Zona Sur",43,"No","Regular",2,4,19101,5,32,1545468,1128845,84.9,174.7,"Masculino"
"113",113,"Zona Centro",7,"No","Buena",3,1,23583,2,39,5561913,2711757,52.1,178.5,"Femenino"
"114",114,"Zona Norte",12,"Sí","Buena",3,1,28866,0,50,3144705,1865234,77.4,162.9,"Masculino"
"115",115,"Zona Centro",49,"No","Mala",1,3,22506,3,28,4076999,2369573,56,174.7,"Masculino"
"116",116,"Zona Centro",7,"No","Buena",3,3,22132,2,27,5283241,3247737,66.3,156.9,"Femenino"
"117",117,"Zona Centro",45,"No","Mala",1,4,24052,4,32,3018386,1635924,76.9,160.1,"Femenino"
"118",118,"Zona Norte",102,"Sí","Buena",3,4,30394,4,51,1558535,1161617,65,159,"Femenino"
"119",119,"Zona Sur",20,"No","Buena",3,3,13007,5,41,2354812,1474850,76.3,185.1,"Masculino"
"120",120,"Zona Norte",61,"No","Buena",3,5,28024,1,37,2257680,1439950,64.9,156.2,"Femenino"
"121",121,"Zona Norte",18,"No","Buena",3,4,26430,2,44,4128970,2423587,70.2,150,"Femenino"
"122",122,"Zona Centro",12,"Sí","Buena",3,3,24410,1,29,4565508,2397733,85.4,178.8,"Masculino"
"123",123,"Zona Centro",9,"No","Regular",2,1,21807,3,36,3046003,1744797,80.6,170.1,"Masculino"
"124",124,"Zona Norte",7,"Sí","Excelente",4,1,27750,0,36,4542046,2431848,81.2,168.9,"Masculino"
"125",125,"Zona Centro",27,"Sí","Mala",1,2,18481,1,42,2619681,1520888,53.1,179.1,"Masculino"
"126",126,"Zona Centro",65,"No","Mala",1,2,21245,3,27,4936060,4446168,61.2,169,"Masculino"
"127",127,"Zona Centro",49,"No","Buena",3,5,25672,3,24,4141824,2939119,79.6,171.7,"Femenino"
"128",128,"Zona Centro",25,"No","Buena",3,3,23799,1,20,2220196,1484362,65.3,161.1,"Femenino"
"129",129,"Zona Norte",16,"No","Mala",1,3,26258,0,57,6577933,3231724,64.8,156.6,"Femenino"
"130",130,"Zona Sur",47,"Sí","Mala",1,2,18610,2,29,4858274,2405528,84,162.1,"Femenino"
"131",131,"Zona Centro",28,"Sí","Mala",1,2,21617,3,47,3345608,1741580,67.8,170.1,"Masculino"
"132",132,"Zona Centro",8,"No","Buena",3,7,23718,1,38,2746790,1125738,49.9,177,"Masculino"
"133",133,"Zona Norte",4,"Sí","Buena",3,3,29477,1,25,8046148,4069785,60.6,159.4,"Femenino"
"134",134,"Zona Centro",55,"No","Mala",1,0,26478,1,18,1511904,942478,61,166.2,"Femenino"
"135",135,"Zona Centro",9,"Sí","Buena",3,2,21529,2,29,5424164,4254929,63.3,161.2,"Femenino"
"136",136,"Zona Sur",63,"Sí","Buena",3,5,16824,2,24,2150095,1431169,70.5,150.4,"Femenino"
"137",137,"Zona Norte",31,"No","Buena",3,2,26817,4,28,3842974,3091679,67.3,165.8,"Femenino"
"138",138,"Zona Centro",15,"Sí","Excelente",4,2,20975,2,47,1500000,763689,66.5,176.5,"Masculino"
"139",139,"Zona Centro",9,"Sí","Buena",3,3,23015,2,31,2230548,1316295,80.4,178.8,"Masculino"
"140",140,"Zona Sur",21,"No","Mala",1,3,15772,0,37,4638698,1765678,60,167,"Masculino"
"141",141,"Zona Centro",36,"No","Regular",2,4,19752,2,33,6102841,2551362,75.7,161.9,"Femenino"
"142",142,"Zona Norte",18,"Sí","Buena",3,1,29945,0,51,6368774,3017708,50.4,161,"Femenino"
"143",143,"Zona Norte",44,"Sí","Mala",1,2,31013,0,36,5412024,2642406,78.8,169.2,"Femenino"
"144",144,"Zona Norte",33,"No","Buena",3,0,30111,2,49,6453426,4249392,77.1,151.3,"Femenino"
"145",145,"Zona Centro",21,"No","Buena",3,3,26377,2,38,4070330,2243810,63.5,172.9,"Masculino"
"146",146,"Zona Norte",30,"Sí","Mala",1,4,28422,0,57,1522868,979806,72.9,158.7,"Femenino"
"147",147,"Zona Centro",81,"Sí","Mala",1,4,26380,0,31,5083313,4985939,65.4,154.2,"Femenino"
"148",148,"Zona Centro",12,"No","Mala",1,3,22147,2,37,1500000,996256,74.7,178.8,"Masculino"
"149",149,"Zona Sur",16,"Sí","Excelente",4,6,12998,2,28,3177601,2023104,69,154.1,"Femenino"
"150",150,"Zona Norte",33,"No","Regular",2,2,28777,1,23,4020324,2510649,66.4,163.1,"Femenino"
"151",151,"Zona Centro",46,"No","Regular",2,2,20876,1,43,1500000,1268117,54.1,178.1,"Masculino"
"152",152,"Zona Centro",11,"Sí","Buena",3,0,23148,2,20,2463076,1427198,68.9,162.2,"Femenino"
"153",153,"Zona Norte",31,"No","Regular",2,3,27405,2,28,6360836,4441163,70.9,165.1,"Masculino"
"154",154,"Zona Norte",36,"Sí","Excelente",4,3,26267,2,43,3257835,1336696,68.1,165.4,"Masculino"
"155",155,"Zona Sur",23,"No","Buena",3,4,16842,1,25,2204082,1065825,72.6,179.6,"Masculino"
"156",156,"Zona Norte",30,"No","Mala",1,2,29133,1,47,8439849,4489216,73.4,150,"Femenino"
"157",157,"Zona Norte",24,"No","Excelente",4,4,30296,1,43,14099336,6602235,60.6,175.5,"Femenino"
"158",158,"Zona Sur",23,"No","Excelente",4,4,15930,0,28,1500000,663860,74.1,184.4,"Masculino"
"159",159,"Zona Sur",38,"No","Regular",2,4,17470,3,28,8021801,4211412,68.1,164.5,"Masculino"
"160",160,"Zona Centro",12,"No","Regular",2,2,20164,1,49,7363188,3610354,78.4,167.5,"Femenino"
"161",161,"Zona Centro",27,"No","Buena",3,6,20428,3,32,2514142,1843634,78.7,172.3,"Masculino"
"162",162,"Zona Centro",10,"No","Mala",1,2,22032,2,36,4254627,2152984,68.9,159.3,"Femenino"
"163",163,"Zona Centro",49,"No","Mala",1,3,22462,1,37,2369650,1307606,82.8,162.2,"Femenino"
"164",164,"Zona Sur",42,"Sí","Regular",2,5,15526,0,36,3084960,1537670,71.9,177.8,"Masculino"
"165",165,"Zona Centro",24,"No","Mala",1,3,25766,0,47,3584627,2879605,70.6,167.4,"Masculino"
"166",166,"Zona Centro",16,"No","Excelente",4,2,20422,3,30,3733879,2916881,82.3,174.1,"Masculino"
"167",167,"Zona Centro",17,"No","Excelente",4,4,21261,3,31,1500000,1273623,67.7,177.8,"Masculino"
"168",168,"Zona Sur",30,"No","Excelente",4,0,20305,4,66,2515616,1601024,56.1,164.8,"Masculino"
"169",169,"Zona Norte",21,"No","Regular",2,2,23976,3,53,4681604,2807521,76.9,163.9,"Femenino"
"170",170,"Zona Centro",43,"Sí","Excelente",4,5,22786,3,49,3273065,1831432,87.8,176.7,"Masculino"
"171",171,"Zona Centro",11,"No","Excelente",4,3,20941,1,35,2842136,1553332,72.9,156.8,"Femenino"
"172",172,"Zona Norte",38,"Sí","Excelente",4,3,26836,2,27,4554372,2909752,51.2,157,"Femenino"
"173",173,"Zona Centro",18,"Sí","Regular",2,5,21291,4,36,4022214,2880732,57.8,169.2,"Masculino"
"174",174,"Zona Centro",35,"Sí","Excelente",4,4,16529,1,57,3566671,2430341,66.9,167.9,"Femenino"
"175",175,"Zona Centro",30,"Sí","Excelente",4,2,18357,3,45,2199158,1250905,61.1,181.2,"Masculino"
"176",176,"Zona Sur",7,"Sí","Buena",3,5,15900,4,26,1666684,858241,53.3,159.8,"Masculino"
"177",177,"Zona Norte",30,"No","Excelente",4,2,28181,3,32,3779504,3055657,67.1,152.3,"Femenino"
"178",178,"Zona Centro",16,"Sí","Regular",2,0,20693,0,44,1500000,784499,66.2,172.6,"Masculino"
"179",179,"Zona Centro",11,"No","Regular",2,5,21780,3,37,3223650,1490508,74,176,"Masculino"
"180",180,"Zona Sur",85,"No","Regular",2,4,14591,2,38,10896198,8922125,76.1,164.9,"Masculino"
"181",181,"Zona Centro",35,"No","Regular",2,4,19412,2,29,3648556,2250862,73,163.8,"Masculino"
"182",182,"Zona Centro",35,"No","Excelente",4,1,17729,4,31,3962398,3772262,54.6,161.3,"Femenino"
"183",183,"Zona Centro",28,"No","Buena",3,5,19080,1,51,3552307,1120869,70.2,174.7,"Masculino"
"184",184,"Zona Norte",49,"Sí","Regular",2,2,27601,0,27,5435158,3110033,75.6,172.2,"Masculino"
"185",185,"Zona Centro",12,"Sí","Regular",2,2,25539,1,49,4920935,3660472,69.5,153.8,"Femenino"
"186",186,"Zona Centro",11,"No","Buena",3,4,21994,1,38,7179614,5511465,60,159.3,"Femenino"
"187",187,"Zona Sur",14,"No","Regular",2,5,15462,3,36,1749083,1069273,74.8,174.4,"Masculino"
"188",188,"Zona Sur",58,"No","Regular",2,6,20131,3,34,1500000,1063959,69.9,154,"Femenino"
"189",189,"Zona Sur",31,"No","Buena",3,4,18927,0,29,1742859,1052797,61,150,"Femenino"
"190",190,"Zona Norte",18,"No","Mala",1,0,29987,0,40,1500000,615581,84.1,172.3,"Masculino"
"191",191,"Zona Norte",15,"No","Excelente",4,3,25756,1,57,8460625,4182407,70.2,159.8,"Femenino"
"192",192,"Zona Sur",35,"No","Regular",2,3,18233,3,38,4175491,2408920,59.7,159,"Femenino"
"193",193,"Zona Centro",35,"Sí","Regular",2,1,22414,2,25,5888200,3028381,70.1,164.6,"Masculino"
"194",194,"Zona Norte",80,"Sí","Excelente",4,1,31468,2,26,10779111,5846725,67.6,173.8,"Masculino"
"195",195,"Zona Centro",54,"Sí","Mala",1,2,18794,2,27,3209037,2026191,59,179.7,"Masculino"
"196",196,"Zona Norte",8,"Sí","Buena",3,1,27451,0,33,5265505,3238909,59.6,180.5,"Femenino"
"197",197,"Zona Centro",35,"No","Buena",3,4,22397,2,36,1500000,821431,45,166.3,"Femenino"
"198",198,"Zona Sur",70,"No","Mala",1,2,19681,3,33,3021309,1671095,83.3,159.5,"Femenino"
"199",199,"Zona Centro",46,"No","Regular",2,2,23587,3,33,5347709,2927574,45,155.1,"Femenino"
"200",200,"Zona Centro",63,"No","Excelente",4,1,24810,4,29,4433006,3517942,78.9,159.1,"Femenino"
"201",201,"Zona Centro",37,"No","Buena",3,2,19936,1,53,2922580,1528879,76.6,162.9,"Masculino"
"202",202,"Zona Sur",49,"Sí","Buena",3,3,16286,2,34,2440655,2290514,75.2,164.9,"Femenino"
"203",203,"Zona Centro",26,"Sí","Mala",1,3,24792,1,40,3109025,1453496,63.5,150.8,"Femenino"
"204",204,"Zona Norte",19,"No","Regular",2,2,28146,0,58,3614398,2683691,76.6,159.9,"Masculino"
"205",205,"Zona Sur",9,"No","Buena",3,4,15574,4,61,2082232,1275004,73.7,161.5,"Femenino"
"206",206,"Zona Centro",54,"No","Buena",3,4,21963,1,26,5804689,3494792,75.6,174.9,"Masculino"
"207",207,"Zona Sur",12,"Sí","Excelente",4,0,15256,1,21,3330818,2364663,75,182.3,"Masculino"
"208",208,"Zona Centro",12,"No","Regular",2,1,17853,0,35,7098785,4598601,57.4,179.1,"Masculino"
"209",209,"Zona Norte",10,"Sí","Excelente",4,1,28380,0,54,6310788,3894293,69.5,163.9,"Masculino"
"210",210,"Zona Centro",34,"Sí","Regular",2,5,20846,3,40,4179912,1474645,58.4,165.5,"Masculino"
"211",211,"Zona Norte",24,"No","Buena",3,2,27081,1,56,1674500,738466,74.9,178.4,"Masculino"
"212",212,"Zona Norte",96,"No","Mala",1,1,29601,0,33,5610840,2096642,64.1,166.9,"Masculino"
"213",213,"Zona Norte",34,"No","Buena",3,2,27294,0,45,6583865,4206319,76.8,171.3,"Masculino"
"214",214,"Zona Centro",29,"Sí","Buena",3,8,20617,2,30,5645006,2737302,72.8,172.6,"Masculino"
"215",215,"Zona Centro",30,"Sí","Excelente",4,5,24369,2,51,2863606,2134023,70.6,175.8,"Masculino"
"216",216,"Zona Sur",38,"Sí","Mala",1,1,18038,3,45,5604993,3700157,66.8,169.6,"Masculino"
"217",217,"Zona Centro",15,"Sí","Regular",2,2,22471,3,33,3117586,1998954,71.1,167.3,"Femenino"
"218",218,"Zona Sur",44,"Sí","Excelente",4,5,16159,1,42,1500000,824743,73.8,168.4,"Femenino"
"219",219,"Zona Norte",8,"No","Regular",2,1,28311,2,40,6786693,4264877,60.8,171.7,"Masculino"
"220",220,"Zona Centro",9,"No","Excelente",4,8,23271,5,30,2066076,1259574,63.3,175.1,"Masculino"
"221",221,"Zona Centro",87,"No","Mala",1,1,20245,3,50,6221175,3283216,67.9,157.1,"Femenino"
"222",222,"Zona Centro",1,"Sí","Buena",3,8,25005,4,29,1500000,903262,71.9,158.8,"Femenino"
"223",223,"Zona Centro",13,"Sí","Excelente",4,1,18333,2,59,1500000,978235,75,179.8,"Masculino"
"224",224,"Zona Norte",79,"Sí","Buena",3,3,26022,0,26,6085389,2397446,56.9,158.2,"Masculino"
"225",225,"Zona Sur",106,"No","Regular",2,4,18413,0,36,1500000,1092301,71.8,166.3,"Masculino"
"226",226,"Zona Sur",40,"Sí","Regular",2,4,14460,4,26,8026857,4135884,74.7,172.3,"Masculino"
"227",227,"Zona Centro",16,"No","Regular",2,1,20858,2,33,6187631,4314242,66.3,174.9,"Masculino"
"228",228,"Zona Centro",22,"No","Mala",1,7,23199,3,36,1772019,868896,59,155.5,"Femenino"
"229",229,"Zona Centro",45,"No","Regular",2,2,25261,3,34,3617902,2060793,70.6,168,"Femenino"
"230",230,"Zona Sur",36,"No","Regular",2,4,19268,1,33,2757232,1492067,52.8,150,"Femenino"
"231",231,"Zona Norte",75,"Sí","Buena",3,1,27635,0,28,7523141,5467567,83.6,173.7,"Femenino"
"232",232,"Zona Norte",14,"Sí","Buena",3,5,26805,2,48,4280561,2620043,55.2,168.2,"Femenino"
"233",233,"Zona Centro",26,"No","Mala",1,6,20313,2,31,2789281,1282041,66.1,179.2,"Masculino"
"234",234,"Zona Norte",89,"Sí","Buena",3,3,23596,3,34,5358302,3248747,79.2,170.5,"Masculino"
"235",235,"Zona Centro",31,"Sí","Buena",3,3,18752,2,44,6351295,4113875,73,163.9,"Femenino"
"236",236,"Zona Centro",17,"Sí","Buena",3,6,23654,5,43,4388136,2004700,73.2,163.4,"Masculino"
"237",237,"Zona Centro",30,"No","Regular",2,4,22097,0,59,1500000,1042258,68.2,175.6,"Masculino"
"238",238,"Zona Centro",9,"Sí","Buena",3,5,15479,0,39,1500000,1011816,51.7,150,"Femenino"
"239",239,"Zona Sur",46,"Sí","Buena",3,5,16655,1,61,1734132,994451,52,155.3,"Femenino"
"240",240,"Zona Centro",32,"Sí","Excelente",4,3,18912,0,47,15000000,9398022,67.3,182,"Masculino"
"241",241,"Zona Sur",3,"No","Regular",2,4,15833,0,35,1500000,930430,84.3,150,"Femenino"
"242",242,"Zona Centro",21,"Sí","Regular",2,2,22030,4,27,2463906,1489889,86.9,175.2,"Masculino"
"243",243,"Zona Centro",32,"No","Buena",3,4,21554,2,39,4515343,3253274,73.6,156,"Femenino"
"244",244,"Zona Centro",9,"Sí","Mala",1,5,29323,4,35,3305370,1774426,74.6,161.9,"Femenino"
"245",245,"Zona Norte",41,"Sí","Buena",3,3,25811,3,51,3434398,1603782,76.7,159,"Masculino"
"246",246,"Zona Centro",81,"No","Excelente",4,5,19565,2,33,7853305,3333960,76.5,167,"Masculino"
"247",247,"Zona Centro",49,"No","Buena",3,3,23886,3,19,1500000,862072,49.1,173.4,"Masculino"
"248",248,"Zona Norte",19,"No","Excelente",4,1,29017,2,49,4329659,2862645,67.3,163.1,"Femenino"
"249",249,"Zona Centro",36,"No","Regular",2,2,20323,1,34,2509717,2039787,69.8,160.5,"Femenino"
"250",250,"Zona Centro",28,"Sí","Regular",2,0,19166,0,63,5315978,2400802,68.4,177.5,"Masculino"
"251",251,"Zona Norte",12,"Sí","Regular",2,2,30454,1,45,5187537,3693176,77.5,168.1,"Masculino"
"252",252,"Zona Norte",39,"No","Buena",3,1,30661,0,30,6375912,4633085,67.2,181.4,"Masculino"
"253",253,"Zona Sur",66,"Sí","Regular",2,11,19194,2,30,1500000,834605,79.6,169.4,"Masculino"
"254",254,"Zona Sur",5,"Sí","Mala",1,4,17910,5,41,1668561,1011232,50.3,153.5,"Femenino"
"255",255,"Zona Centro",39,"Sí","Excelente",4,4,26309,3,37,3481096,2142034,69.4,158.7,"Femenino"
"256",256,"Zona Sur",24,"Sí","Excelente",4,7,12595,0,43,2597282,1708824,61.8,151.7,"Femenino"
"257",257,"Zona Norte",18,"No","Excelente",4,3,25667,2,31,1532859,931160,62.4,159.2,"Femenino"
"258",258,"Zona Centro",9,"No","Buena",3,2,18807,3,32,4097785,2624236,69.9,179.5,"Femenino"
"259",259,"Zona Sur",22,"Sí","Mala",1,5,20137,2,41,2305657,1440135,76.1,165.6,"Masculino"
"260",260,"Zona Centro",30,"No","Buena",3,5,20307,2,34,2711455,882180,60,158,"Femenino"
"261",261,"Zona Centro",20,"Sí","Buena",3,2,16135,2,29,4210774,2490991,78.8,176.3,"Masculino"
"262",262,"Zona Sur",59,"Sí","Buena",3,3,16955,2,46,3220273,1884033,81.9,173.4,"Masculino"
"263",263,"Zona Centro",102,"Sí","Regular",2,2,23430,3,32,1550970,877076,65.7,150.6,"Femenino"
"264",264,"Zona Centro",7,"Sí","Regular",2,3,21205,0,28,3999226,1569412,52.5,180.1,"Masculino"
"265",265,"Zona Sur",13,"No","Buena",3,3,15647,2,37,1500000,920469,71.1,166.5,"Femenino"
"266",266,"Zona Centro",99,"Sí","Excelente",4,4,25178,5,33,2343445,937890,72.7,176.2,"Masculino"
"267",267,"Zona Centro",2,"Sí","Mala",1,2,22953,2,37,1829989,1151129,66.9,162.2,"Femenino"
"268",268,"Zona Sur",31,"No","Buena",3,4,18526,4,54,4794704,2682448,63.1,159,"Femenino"
"269",269,"Zona Sur",64,"No","Mala",1,1,15219,2,37,1906660,1267049,91.2,168.4,"Femenino"
"270",270,"Zona Norte",19,"Sí","Excelente",4,2,25800,0,40,2760079,914719,63.5,158.4,"Femenino"
"271",271,"Zona Centro",139,"Sí","Buena",3,1,20624,2,51,3027287,1806362,68,154.4,"Femenino"
"272",272,"Zona Centro",16,"No","Mala",1,1,26382,2,47,4597191,2692739,74.9,154.5,"Femenino"
"273",273,"Zona Centro",24,"No","Buena",3,3,22343,1,49,3762948,2443542,65.7,159.1,"Femenino"
"274",274,"Zona Centro",68,"Sí","Regular",2,3,22248,2,30,8066934,4517769,74.5,174.9,"Masculino"
"275",275,"Zona Norte",109,"Sí","Buena",3,0,30265,1,35,7938775,3963428,57.2,173.5,"Masculino"
"276",276,"Zona Norte",36,"No","Excelente",4,3,27131,2,37,7099514,4169624,92.1,171.6,"Masculino"
"277",277,"Zona Sur",24,"No","Mala",1,1,16344,2,34,1500000,712979,54.8,161.6,"Masculino"
"278",278,"Zona Norte",27,"No","Regular",2,1,30936,1,36,6500261,4173252,61.4,169.6,"Femenino"
"279",279,"Zona Centro",57,"No","Buena",3,3,22449,1,54,5016231,2435541,57.7,161.6,"Femenino"
"280",280,"Zona Centro",18,"Sí","Buena",3,0,21477,1,35,1500000,577410,54.5,163,"Femenino"
"281",281,"Zona Sur",18,"No","Buena",3,2,17154,3,36,2511015,2046281,67.4,159.2,"Femenino"
"282",282,"Zona Sur",56,"Sí","Excelente",4,7,17682,3,30,1500000,500000,52.9,160.1,"Femenino"
"283",283,"Zona Norte",57,"No","Mala",1,3,30106,0,38,6457336,4769300,77.5,177.3,"Masculino"
"284",284,"Zona Centro",25,"No","Buena",3,2,23101,2,44,5134881,3194619,59.3,164.2,"Femenino"
"285",285,"Zona Norte",11,"No","Excelente",4,3,27913,1,40,6138250,3747088,80.7,168.3,"Masculino"
"286",286,"Zona Centro",7,"Sí","Buena",3,6,22042,2,31,2296875,1855430,74.7,154.3,"Femenino"
"287",287,"Zona Norte",9,"No","Buena",3,0,29263,0,29,12075307,8636450,71.2,167.6,"Masculino"
"288",288,"Zona Norte",19,"No","Excelente",4,2,28640,0,24,3644687,2660260,75.2,155.6,"Femenino"
"289",289,"Zona Sur",14,"No","Mala",1,2,12711,0,34,1500000,652486,70.1,155.6,"Femenino"
"290",290,"Zona Norte",27,"Sí","Excelente",4,1,31998,1,43,2022484,1209009,66.6,159.6,"Femenino"
"291",291,"Zona Norte",73,"Sí","Buena",3,2,26403,1,49,10732756,7718022,79.3,175,"Masculino"
"292",292,"Zona Centro",66,"No","Regular",2,3,20197,2,41,2195812,1326481,76.6,171.6,"Masculino"
"293",293,"Zona Centro",36,"Sí","Regular",2,3,21365,2,38,9043456,4709797,82,174.2,"Masculino"
"294",294,"Zona Centro",39,"Sí","Mala",1,3,21925,2,34,2175735,1050430,67.1,171,"Masculino"
"295",295,"Zona Norte",92,"Sí","Regular",2,0,30026,1,37,1988811,722662,70.7,151.3,"Femenino"
"296",296,"Zona Norte",44,"No","Buena",3,4,26926,2,27,5521844,2172249,56.4,157.7,"Femenino"
"297",297,"Zona Centro",11,"No","Excelente",4,3,19901,1,35,3478522,3113934,62.4,167.2,"Masculino"
"298",298,"Zona Norte",26,"Sí","Excelente",4,2,26430,2,53,2896635,1297304,67.9,172.6,"Masculino"
"299",299,"Zona Centro",86,"Sí","Excelente",4,8,20211,0,52,5426075,4041199,77.4,162.9,"Femenino"
"300",300,"Zona Norte",14,"Sí","Regular",2,2,26632,5,39,2956910,1334055,69.1,168.8,"Masculino"
"301",301,"Zona Centro",31,"No","Mala",1,7,23695,4,40,3259596,1901574,60.5,150,"Femenino"
"302",302,"Zona Sur",9,"No","Mala",1,5,14269,5,50,4652018,2670811,71.6,160.1,"Femenino"
"303",303,"Zona Centro",47,"Sí","Mala",1,4,25378,1,45,3394573,1621064,76.4,174,"Masculino"
"304",304,"Zona Sur",5,"Sí","Excelente",4,9,16632,4,54,2368968,1307430,63.4,165.2,"Femenino"
"305",305,"Zona Centro",26,"Sí","Mala",1,1,20223,0,38,5056207,2652273,74.6,181,"Masculino"
"306",306,"Zona Centro",34,"No","Mala",1,3,24787,3,34,2392904,1275624,64.6,156.4,"Femenino"
"307",307,"Zona Norte",18,"Sí","Buena",3,1,26148,0,26,4760689,2105068,70.9,175.7,"Masculino"
"308",308,"Zona Centro",45,"Sí","Excelente",4,3,22827,0,54,3872095,1460321,63.7,161,"Femenino"
"309",309,"Zona Sur",24,"Sí","Excelente",4,8,18617,1,32,3382494,2217121,80.2,169.7,"Masculino"
"310",310,"Zona Centro",34,"No","Excelente",4,4,22150,1,33,3859400,2636402,78.4,162.9,"Femenino"
"311",311,"Zona Sur",17,"Sí","Mala",1,0,17398,1,35,3069033,2190147,84.1,174.5,"Masculino"
"312",312,"Zona Centro",70,"No","Regular",2,2,23797,2,40,2024050,1102093,69.2,161.8,"Masculino"
"313",313,"Zona Centro",8,"No","Regular",2,3,20680,2,30,6556916,5587922,64.9,162.4,"Femenino"
"314",314,"Zona Sur",17,"No","Buena",3,3,16109,5,27,1500000,626168,68.4,162.7,"Masculino"
"315",315,"Zona Sur",23,"Sí","Buena",3,4,15242,5,34,1559806,714500,81.7,171.4,"Masculino"
"316",316,"Zona Norte",46,"Sí","Mala",1,5,31246,1,42,2683897,1448359,67.9,160.2,"Femenino"
"317",317,"Zona Centro",27,"Sí","Mala",1,0,26471,0,55,6241420,2925619,67.9,170,"Masculino"
"318",318,"Zona Centro",43,"No","Regular",2,4,23143,3,40,6042801,3800602,74,177.6,"Masculino"
"319",319,"Zona Norte",17,"No","Buena",3,2,31833,0,34,1500000,666924,69.8,157.3,"Femenino"
"320",320,"Zona Norte",10,"No","Mala",1,1,28420,3,22,10424670,6927079,66.6,177.9,"Masculino"
"321",321,"Zona Sur",8,"Sí","Buena",3,6,19697,5,36,1515530,875424,70.2,176.8,"Masculino"
"322",322,"Zona Centro",44,"No","Regular",2,4,23883,0,32,2719306,1175864,67.3,168,"Masculino"
"323",323,"Zona Sur",59,"No","Regular",2,5,15660,1,40,1500000,685411,69.7,156.6,"Femenino"
"324",324,"Zona Norte",51,"No","Excelente",4,0,29072,1,45,15000000,9910337,62.9,158.8,"Femenino"
"325",325,"Zona Norte",41,"No","Buena",3,0,26571,1,29,8060599,6118944,68,177.1,"Masculino"
"326",326,"Zona Centro",19,"No","Buena",3,2,18899,4,33,4424975,2963876,70.6,150,"Femenino"
"327",327,"Zona Centro",29,"Sí","Buena",3,3,23565,1,33,1500000,1073435,64.8,155.1,"Femenino"
"328",328,"Zona Sur",34,"Sí","Buena",3,3,14414,3,32,1532769,832566,65.5,171.9,"Masculino"
"329",329,"Zona Centro",25,"Sí","Excelente",4,4,22893,3,30,5350247,2833964,63.4,169.5,"Masculino"
"330",330,"Zona Centro",17,"No","Regular",2,3,24444,1,54,2012276,1102232,68.2,160.2,"Femenino"
"331",331,"Zona Norte",15,"Sí","Excelente",4,3,26008,0,55,1901058,975769,68.8,154,"Femenino"
"332",332,"Zona Centro",24,"Sí","Buena",3,2,19227,1,51,4503732,2522117,71,157.3,"Femenino"
"333",333,"Zona Centro",25,"No","Mala",1,1,24923,0,31,1500000,1057326,70.5,176.2,"Masculino"
"334",334,"Zona Norte",15,"Sí","Regular",2,0,24520,1,71,3497982,2378331,69.9,171.4,"Masculino"
"335",335,"Zona Sur",16,"Sí","Regular",2,3,18661,0,56,1500000,732874,59.1,153,"Femenino"
"336",336,"Zona Norte",36,"No","Excelente",4,4,25980,3,53,2400554,1530856,78.6,151.9,"Femenino"
"337",337,"Zona Centro",32,"No","Regular",2,4,19675,1,30,9872234,7116179,71.6,174.1,"Masculino"
"338",338,"Zona Sur",30,"Sí","Excelente",4,9,15684,2,35,1500000,679424,70.8,163.9,"Femenino"
"339",339,"Zona Centro",6,"Sí","Buena",3,2,22592,4,31,2491612,1432951,72.6,153.1,"Femenino"
"340",340,"Zona Centro",48,"Sí","Mala",1,3,23194,2,26,2521218,1373226,65.3,151.4,"Femenino"
"341",341,"Zona Norte",14,"Sí","Excelente",4,4,25670,1,54,2248166,1001682,71.8,171.1,"Masculino"
"342",342,"Zona Sur",15,"No","Mala",1,4,17421,1,42,3281415,2151376,76.4,176.9,"Masculino"
"343",343,"Zona Centro",33,"Sí","Regular",2,2,20013,1,28,2312158,1392865,62.5,171.7,"Masculino"
"344",344,"Zona Centro",2,"Sí","Buena",3,4,19041,1,46,10343867,8298623,74.3,163.7,"Femenino"
"345",345,"Zona Centro",4,"No","Excelente",4,3,16218,2,47,2679125,1786371,62.8,187.9,"Masculino"
"346",346,"Zona Centro",48,"No","Regular",2,3,25384,1,22,2031503,1049947,67.2,160.4,"Femenino"
"347",347,"Zona Centro",11,"Sí","Mala",1,1,21630,0,57,1873612,1023291,73.2,170.2,"Masculino"
"348",348,"Zona Sur",12,"Sí","Regular",2,6,15844,3,38,1921257,1250616,70.5,174.9,"Masculino"
"349",349,"Zona Norte",10,"Sí","Buena",3,1,29069,2,40,3484894,1819775,78.3,168.6,"Femenino"
"350",350,"Zona Centro",85,"No","Mala",1,4,19059,1,53,3667250,2079500,66.4,155.8,"Femenino"
"351",351,"Zona Centro",26,"Sí","Excelente",4,1,18112,3,39,2799758,2086611,83,150.3,"Femenino"
"352",352,"Zona Norte",38,"Sí","Mala",1,0,26802,1,44,3291802,2861661,73.5,160.5,"Femenino"
"353",353,"Zona Centro",52,"No","Mala",1,5,22351,5,44,6116795,4200748,81.2,170.2,"Masculino"
"354",354,"Zona Norte",25,"Sí","Excelente",4,1,26776,5,32,3059414,1752472,63.3,182.6,"Masculino"
"355",355,"Zona Norte",28,"Sí","Buena",3,1,29231,2,35,4628306,3215444,74,180.6,"Masculino"
"356",356,"Zona Sur",21,"No","Buena",3,3,13155,4,65,7854323,6659707,74.9,173.3,"Femenino"
"357",357,"Zona Centro",26,"No","Buena",3,3,21217,4,45,1500000,739057,59.5,163.5,"Femenino"
"358",358,"Zona Centro",28,"Sí","Regular",2,3,26836,2,32,1590351,900268,77.6,167.2,"Masculino"
"359",359,"Zona Centro",7,"Sí","Regular",2,6,22621,2,32,1885803,762016,76.3,183,"Masculino"
"360",360,"Zona Norte",15,"No","Mala",1,1,25542,1,32,2853995,1355366,73.5,166.5,"Femenino"
"361",361,"Zona Norte",11,"Sí","Buena",3,1,26135,3,25,4406538,2832406,74.6,180.2,"Masculino"
"362",362,"Zona Sur",20,"No","Buena",3,4,15221,1,46,7464308,5346837,84,152.9,"Femenino"
"363",363,"Zona Sur",54,"No","Mala",1,3,16977,1,33,2745692,1773897,54.5,162.3,"Femenino"
"364",364,"Zona Norte",22,"Sí","Excelente",4,2,26050,1,54,5146168,3805163,75.9,174.5,"Masculino"
"365",365,"Zona Sur",57,"Sí","Buena",3,3,15212,1,48,2551644,1587646,74,168,"Masculino"
"366",366,"Zona Norte",23,"No","Excelente",4,1,27755,0,22,11792792,4703035,67.7,170.9,"Masculino"
"367",367,"Zona Sur",29,"No","Excelente",4,0,20542,1,35,2124906,940129,65.2,159.5,"Masculino"
"368",368,"Zona Centro",8,"No","Regular",2,3,22095,1,55,2056014,1436113,78.2,166.1,"Masculino"
"369",369,"Zona Sur",6,"No","Regular",2,6,15704,1,26,1500000,776930,66.9,155.1,"Femenino"
"370",370,"Zona Centro",78,"No","Regular",2,3,26440,2,49,4456932,3048673,64.2,180.1,"Masculino"
"371",371,"Zona Sur",2,"No","Regular",2,3,16472,5,39,1605399,1178860,64.5,163.2,"Femenino"
"372",372,"Zona Sur",56,"Sí","Buena",3,6,16661,3,24,6925110,3060180,95.1,155.9,"Masculino"
"373",373,"Zona Centro",12,"Sí","Regular",2,4,19455,1,30,3412640,1777631,62.7,173.7,"Masculino"
"374",374,"Zona Norte",39,"Sí","Excelente",4,2,27796,1,31,6306618,4419097,72.3,154.9,"Femenino"
"375",375,"Zona Centro",9,"No","Excelente",4,3,17891,1,71,2230124,643633,61.8,173.8,"Masculino"
"376",376,"Zona Norte",73,"No","Mala",1,1,28588,3,29,15000000,8521409,78.4,183,"Masculino"
"377",377,"Zona Norte",34,"Sí","Excelente",4,1,27709,1,35,4017589,2465738,79.9,162.5,"Femenino"
"378",378,"Zona Sur",15,"Sí","Mala",1,2,18320,3,49,2215501,1777322,61.8,157.9,"Femenino"
"379",379,"Zona Centro",70,"Sí","Excelente",4,2,22785,5,34,6449710,4213132,64.7,176.3,"Masculino"
"380",380,"Zona Centro",40,"No","Mala",1,2,20894,2,28,2620203,895808,60.1,157.5,"Femenino"
"381",381,"Zona Norte",15,"Sí","Regular",2,3,26034,5,36,5602054,4348993,67.3,159.4,"Femenino"
"382",382,"Zona Sur",23,"No","Regular",2,3,16705,2,55,2777378,1819434,74.3,170.8,"Masculino"
"383",383,"Zona Centro",24,"No","Regular",2,5,20743,0,51,6313504,3770121,84,152.1,"Femenino"
"384",384,"Zona Centro",68,"No","Mala",1,1,24193,1,32,4305871,2768669,70.4,170.1,"Masculino"
"385",385,"Zona Norte",8,"No","Mala",1,2,28770,3,48,6120356,2155099,67.1,170.6,"Femenino"
"386",386,"Zona Norte",17,"Sí","Buena",3,1,26748,0,51,2695096,2134778,77.1,162.4,"Femenino"
"387",387,"Zona Centro",41,"No","Regular",2,5,21044,3,41,3163649,1123877,84.8,179.9,"Masculino"
"388",388,"Zona Norte",24,"No","Excelente",4,1,29478,1,52,3437445,1588798,62.8,154.8,"Femenino"
"389",389,"Zona Centro",12,"No","Mala",1,2,19090,1,50,2971230,2032002,72.3,177.8,"Masculino"
"390",390,"Zona Sur",45,"No","Excelente",4,6,19093,3,32,1697998,1753816,76.1,163.8,"Masculino"
"391",391,"Zona Norte",10,"Sí","Buena",3,1,23276,1,28,2402015,1266728,73.7,171.1,"Masculino"
"392",392,"Zona Centro",29,"Sí","Excelente",4,3,21554,1,28,2839165,1795375,70.2,158.6,"Femenino"
"393",393,"Zona Norte",80,"No","Mala",1,1,29297,0,34,6357961,3826936,70.3,157.2,"Femenino"
"394",394,"Zona Centro",61,"No","Mala",1,1,24997,2,56,3189752,2156258,58.9,154.9,"Femenino"
"395",395,"Zona Centro",31,"Sí","Buena",3,9,25505,5,42,12063896,8603704,64.3,162,"Femenino"
"396",396,"Zona Norte",58,"Sí","Buena",3,0,23778,0,36,4463563,2391618,57.2,167.1,"Femenino"
"397",397,"Zona Centro",54,"No","Regular",2,6,21516,2,42,3274185,2121692,59.1,168.6,"Femenino"
"398",398,"Zona Norte",15,"No","Excelente",4,2,29244,0,30,7141698,3938206,64.4,162.7,"Masculino"
"399",399,"Zona Centro",39,"No","Mala",1,5,23444,2,31,3684328,1925672,77.6,151,"Femenino"
"400",400,"Zona Centro",8,"No","Regular",2,5,24452,1,43,3949406,2061943,65.7,152.9,"Femenino"
"401",401,"Zona Centro",18,"Sí","Regular",2,1,14366,0,41,1599735,524304,94.7,179.6,"Masculino"
"402",402,"Zona Norte",21,"No","Buena",3,2,27265,2,41,4935474,2243862,63.4,150,"Femenino"
"403",403,"Zona Sur",4,"No","Mala",1,3,17712,3,58,1500000,1109337,66.2,159,"Femenino"
"404",404,"Zona Sur",45,"No","Excelente",4,4,16899,3,32,1500000,915377,70.2,171.4,"Masculino"
"405",405,"Zona Centro",7,"Sí","Excelente",4,4,19063,5,40,2813193,1998116,66.2,168.5,"Masculino"
"406",406,"Zona Norte",30,"Sí","Regular",2,1,27757,1,31,5719887,3752473,59.5,171,"Masculino"
"407",407,"Zona Norte",11,"No","Excelente",4,2,26963,2,24,2455013,1176061,79.6,172.1,"Masculino"
"408",408,"Zona Centro",18,"Sí","Regular",2,3,19265,5,34,2699606,1247662,70.3,151.5,"Femenino"
"409",409,"Zona Norte",10,"No","Buena",3,5,28556,1,54,4160263,3172395,55.6,171.8,"Femenino"
"410",410,"Zona Centro",19,"No","Excelente",4,6,23262,3,43,4787390,2625178,75.6,163,"Femenino"
"411",411,"Zona Centro",63,"Sí","Regular",2,3,22160,2,28,6864639,4631573,68.7,166.5,"Femenino"
"412",412,"Zona Sur",44,"No","Mala",1,4,18150,1,26,4093183,1620355,78.6,170.8,"Masculino"
"413",413,"Zona Norte",32,"No","Regular",2,2,28956,4,34,6379668,3361392,71.7,176.6,"Masculino"
"414",414,"Zona Sur",7,"No","Buena",3,6,15207,2,45,2785423,1561469,64.4,163.8,"Femenino"
"415",415,"Zona Sur",105,"Sí","Buena",3,2,18125,2,35,2071739,1081319,70.1,150.3,"Femenino"
"416",416,"Zona Norte",26,"No","Regular",2,2,27739,2,26,3567019,2465316,70.9,169.4,"Masculino"
"417",417,"Zona Centro",47,"Sí","Buena",3,3,23643,1,29,1672191,825074,79.9,172.2,"Masculino"
"418",418,"Zona Centro",45,"No","Buena",3,4,23653,3,39,1590173,1134179,63,163.8,"Femenino"
"419",419,"Zona Norte",34,"Sí","Buena",3,3,28423,4,38,1948889,1858210,45.3,172.1,"Masculino"
"420",420,"Zona Norte",45,"No","Regular",2,2,28251,0,38,7514179,4464657,76.8,163.6,"Femenino"
"421",421,"Zona Norte",19,"Sí","Excelente",4,3,24790,0,32,6523270,4690678,62.1,155.7,"Femenino"
"422",422,"Zona Sur",59,"Sí","Regular",2,3,16757,2,53,1500000,1059929,73.9,180.1,"Masculino"
"423",423,"Zona Centro",51,"Sí","Buena",3,3,22698,3,30,6504345,4420589,70.6,168,"Femenino"
"424",424,"Zona Norte",9,"No","Buena",3,3,28401,3,38,6365683,4387631,72.3,174.7,"Masculino"
"425",425,"Zona Sur",13,"No","Mala",1,6,17054,4,44,4124066,1861104,63.8,164.6,"Femenino"
"426",426,"Zona Sur",76,"Sí","Excelente",4,4,15138,3,45,1500000,741623,75.9,153.3,"Femenino"
"427",427,"Zona Norte",25,"No","Mala",1,2,27058,0,31,11600997,8154121,83.5,168.8,"Femenino"
"428",428,"Zona Sur",50,"No","Excelente",4,7,15929,2,31,1500000,966016,62.9,167.4,"Masculino"
"429",429,"Zona Centro",43,"Sí","Mala",1,3,20115,0,25,1500000,627444,58.2,173.2,"Masculino"
"430",430,"Zona Centro",67,"No","Mala",1,3,23516,3,46,2572523,1303719,87.1,152.7,"Femenino"
"431",431,"Zona Centro",11,"No","Mala",1,3,25979,1,32,2013660,701954,58.4,173.6,"Femenino"
"432",432,"Zona Centro",32,"Sí","Regular",2,3,16372,2,57,12170038,9600451,66.6,158.9,"Femenino"
"433",433,"Zona Centro",42,"Sí","Mala",1,5,19557,3,24,4059750,2835917,65.4,163.1,"Femenino"
"434",434,"Zona Norte",17,"Sí","Buena",3,3,26961,0,29,5567121,4192546,74,155.3,"Femenino"
"435",435,"Zona Centro",12,"No","Mala",1,4,25454,5,46,1500000,866322,73.8,157.4,"Femenino"
"436",436,"Zona Sur",17,"Sí","Buena",3,4,13359,1,18,3539164,2431144,72.9,163,"Masculino"
"437",437,"Zona Centro",27,"No","Mala",1,2,18577,2,24,5435309,2945529,72.3,173.4,"Masculino"
"438",438,"Zona Centro",9,"Sí","Excelente",4,5,22980,1,43,1500000,832429,75.4,164.7,"Femenino"
"439",439,"Zona Centro",13,"Sí","Regular",2,4,26401,2,66,3491521,1931244,61.1,170.2,"Femenino"
"440",440,"Zona Sur",30,"No","Mala",1,4,14951,2,25,1528430,1165639,77.2,159.7,"Femenino"
"441",441,"Zona Norte",42,"Sí","Mala",1,1,30054,2,41,2508573,1402724,71.6,163.2,"Femenino"
"442",442,"Zona Centro",12,"Sí","Mala",1,3,27791,2,33,2150277,1142562,82.8,181.9,"Masculino"
"443",443,"Zona Norte",32,"No","Mala",1,0,29518,0,41,2585280,1944848,71.7,178.5,"Masculino"
"444",444,"Zona Sur",10,"Sí","Excelente",4,6,19345,4,32,2412199,1384513,62.3,160.2,"Femenino"
"445",445,"Zona Centro",64,"Sí","Excelente",4,5,26197,3,34,1926388,1197938,57.2,153.2,"Femenino"
"446",446,"Zona Norte",32,"No","Regular",2,2,31357,0,35,6975668,3920232,78.9,155.4,"Femenino"
"447",447,"Zona Centro",15,"Sí","Buena",3,5,20630,2,54,4530305,3168133,77.2,170.4,"Masculino"
"448",448,"Zona Norte",15,"No","Excelente",4,1,25097,0,42,3496940,2406720,61.3,180.4,"Masculino"
"449",449,"Zona Centro",45,"Sí","Regular",2,7,16794,3,57,1685149,998942,70.9,162.1,"Masculino"
"450",450,"Zona Sur",6,"No","Buena",3,7,17574,1,31,2137822,1313860,63,171.8,"Masculino"
"451",451,"Zona Centro",12,"Sí","Excelente",4,6,23515,5,47,2189436,1617312,66.7,188.4,"Masculino"
"452",452,"Zona Centro",15,"No","Buena",3,1,21244,2,38,2518814,1202542,74.6,154.8,"Femenino"
"453",453,"Zona Centro",41,"Sí","Regular",2,5,21742,4,29,1637636,1139461,69.7,169.7,"Masculino"
"454",454,"Zona Sur",34,"Sí","Excelente",4,8,17627,5,22,2123401,1102889,91.3,174.6,"Masculino"
"455",455,"Zona Norte",18,"Sí","Excelente",4,5,29450,1,36,4789835,4220966,79.9,150.4,"Femenino"
"456",456,"Zona Sur",9,"No","Excelente",4,6,17885,2,45,1751155,1230869,68,156.3,"Femenino"
"457",457,"Zona Norte",17,"No","Excelente",4,0,25835,2,28,9429166,6263574,67.9,170.1,"Masculino"
"458",458,"Zona Centro",23,"Sí","Regular",2,5,26424,2,37,1500000,1040944,70.4,158.2,"Femenino"
"459",459,"Zona Norte",14,"No","Regular",2,3,28052,0,41,1764980,1011749,69.7,173.9,"Masculino"
"460",460,"Zona Centro",35,"No","Regular",2,0,22751,3,41,1500000,979977,58.7,172.3,"Femenino"
"461",461,"Zona Sur",48,"Sí","Excelente",4,7,15826,1,59,3043791,1807138,75.2,157.9,"Femenino"
"462",462,"Zona Centro",62,"No","Mala",1,4,20644,3,34,2114644,1281715,74,163.2,"Masculino"
"463",463,"Zona Centro",43,"Sí","Regular",2,2,19966,1,34,1500000,500000,69,165.6,"Masculino"
"464",464,"Zona Norte",19,"Sí","Excelente",4,2,27756,2,31,4499609,2896132,72.6,161,"Femenino"
"465",465,"Zona Centro",46,"No","Buena",3,3,21214,2,49,4672029,3715081,61.3,163.4,"Femenino"
"466",466,"Zona Norte",54,"No","Excelente",4,3,29437,3,35,5905132,3988039,76,185.6,"Masculino"
"467",467,"Zona Norte",36,"Sí","Mala",1,1,25841,2,36,3821523,2248183,78.1,169.9,"Masculino"
"468",468,"Zona Norte",24,"No","Mala",1,1,28042,3,32,3164646,1886794,76.8,160,"Femenino"
"469",469,"Zona Norte",32,"Sí","Mala",1,1,25221,0,55,5050678,3464211,83.1,163.1,"Masculino"
"470",470,"Zona Centro",21,"No","Mala",1,6,20672,4,43,1717369,1148923,60.6,154.9,"Femenino"
"471",471,"Zona Norte",53,"No","Mala",1,2,27276,2,54,8354528,5280148,53.9,158.7,"Femenino"
"472",472,"Zona Norte",19,"No","Mala",1,2,29983,4,26,3992222,3348073,64.5,157.5,"Femenino"
"473",473,"Zona Sur",47,"No","Mala",1,4,15091,3,32,1588482,1086024,79.4,175.7,"Masculino"
"474",474,"Zona Centro",29,"No","Buena",3,2,21582,5,35,2487874,1482738,68.6,150,"Femenino"
"475",475,"Zona Centro",20,"No","Mala",1,2,23891,1,31,6575048,4299148,81.7,151.4,"Femenino"
"476",476,"Zona Norte",130,"Sí","Excelente",4,2,26287,0,44,3627570,2058057,83,172.5,"Masculino"
"477",477,"Zona Centro",83,"Sí","Buena",3,2,19076,1,48,4756442,2130317,81.9,163.1,"Masculino"
"478",478,"Zona Centro",20,"Sí","Regular",2,3,20371,0,46,7895400,5083258,75.4,157.5,"Femenino"
"479",479,"Zona Centro",28,"No","Mala",1,1,21348,4,31,5380838,3491237,56.2,164.1,"Femenino"
"480",480,"Zona Centro",19,"Sí","Regular",2,4,21551,4,21,7797661,3490164,63.5,168.8,"Masculino"
"481",481,"Zona Centro",25,"No","Regular",2,0,20691,1,35,3773621,2144554,83.6,171.4,"Masculino"
"482",482,"Zona Sur",4,"Sí","Buena",3,5,18778,2,24,3552044,1977577,68.1,166.5,"Masculino"
"483",483,"Zona Norte",75,"Sí","Excelente",4,3,29687,3,54,5200155,3742367,79.8,161.9,"Femenino"
"484",484,"Zona Sur",20,"Sí","Regular",2,1,18399,0,59,7291443,3946108,66.4,178.3,"Masculino"
"485",485,"Zona Norte",11,"No","Buena",3,3,24654,1,34,4985161,4015844,54.6,153.6,"Femenino"
"486",486,"Zona Centro",24,"Sí","Buena",3,7,18386,3,45,2358697,1270933,68.4,177.4,"Masculino"
"487",487,"Zona Centro",25,"No","Regular",2,2,15256,1,33,2090397,1131305,72.3,162.1,"Masculino"
"488",488,"Zona Centro",40,"Sí","Excelente",4,6,25502,2,36,2579055,1823272,72.8,183.7,"Masculino"
"489",489,"Zona Sur",59,"No","Mala",1,2,18549,2,41,2016353,1493961,64.5,170.9,"Masculino"
"490",490,"Zona Norte",55,"No","Regular",2,1,29809,0,27,5304268,3427962,71.7,165.2,"Masculino"
"491",491,"Zona Norte",30,"Sí","Excelente",4,1,26588,1,42,6212777,3731727,73,175.3,"Masculino"
"492",492,"Zona Centro",52,"No","Regular",2,7,21994,3,30,4919907,2936003,85.1,179,"Masculino"
"493",493,"Zona Norte",34,"Sí","Excelente",4,5,25283,1,40,6768876,3509333,76.3,176.7,"Masculino"
"494",494,"Zona Centro",26,"Sí","Buena",3,1,20311,0,40,4033622,3136114,70.7,170.5,"Masculino"
"495",495,"Zona Norte",13,"No","Buena",3,2,30051,0,38,2634953,1857005,71.2,175.1,"Masculino"
"496",496,"Zona Sur",14,"Sí","Regular",2,3,17402,2,45,2493926,1253837,64.1,168.2,"Femenino"
"497",497,"Zona Norte",32,"Sí","Excelente",4,0,30272,1,22,5395099,2576563,64.9,166.1,"Femenino"
"498",498,"Zona Sur",48,"No","Regular",2,2,15513,2,40,2877264,1804140,75.4,165.3,"Femenino"
"499",499,"Zona Norte",78,"No","Mala",1,4,29970,2,54,1500000,1013461,85.8,173.7,"Masculino"
"500",500,"Zona Centro",18,"Sí","Buena",3,2,22424,1,42,2390944,1250457,82.5,158.9,"Femenino"
"501",501,"Zona Sur",13,"Sí","Excelente",4,3,14492,0,41,1500000,821784,66.8,172.4,"Masculino"
"502",502,"Zona Norte",7,"Sí","Mala",1,2,26637,1,39,3964956,2787274,65.1,171.3,"Masculino"
"503",503,"Zona Centro",6,"No","Buena",3,4,17304,2,30,4324111,2160532,65.6,166.2,"Masculino"
"504",504,"Zona Centro",20,"Sí","Buena",3,3,18398,4,56,2877055,1261146,55.8,164.2,"Femenino"
"505",505,"Zona Centro",23,"Sí","Regular",2,2,19553,2,33,2207015,1463547,69.7,186.4,"Masculino"
"506",506,"Zona Norte",38,"No","Buena",3,1,28976,1,52,1561634,755594,81.9,166.3,"Masculino"
"507",507,"Zona Centro",40,"No","Buena",3,2,21303,1,40,2460291,1557285,62.5,152.5,"Femenino"
"508",508,"Zona Sur",13,"No","Mala",1,2,16493,5,32,3664255,2112865,68.4,179.3,"Masculino"
"509",509,"Zona Sur",9,"Sí","Excelente",4,4,20157,4,20,1802792,1336150,73.1,162.5,"Femenino"
"510",510,"Zona Centro",39,"Sí","Buena",3,6,22913,1,36,1578522,1319817,69.2,153.8,"Femenino"
"511",511,"Zona Centro",56,"No","Mala",1,2,22966,2,65,1685130,978579,75.4,166.2,"Masculino"
"512",512,"Zona Sur",21,"No","Buena",3,1,15503,2,49,1500000,1071808,68.6,179.1,"Masculino"
"513",513,"Zona Norte",3,"No","Mala",1,3,28670,1,34,6731224,3970912,60.9,174.5,"Masculino"
"514",514,"Zona Norte",40,"Sí","Mala",1,2,31580,0,44,3769792,3202694,52.7,158.7,"Femenino"
"515",515,"Zona Centro",42,"Sí","Buena",3,4,22585,1,30,5637321,2730612,56.9,174.9,"Masculino"
"516",516,"Zona Sur",7,"Sí","Mala",1,6,17537,4,33,1690011,1063011,70.5,168.8,"Masculino"
"517",517,"Zona Norte",31,"No","Regular",2,1,29148,1,49,5718630,3247245,64.4,165.1,"Femenino"
"518",518,"Zona Sur",29,"No","Regular",2,3,17725,1,34,1500000,858633,72.6,161.2,"Femenino"
"519",519,"Zona Sur",22,"No","Excelente",4,1,14822,2,27,1500000,611079,76.5,172.8,"Masculino"
"520",520,"Zona Centro",36,"Sí","Excelente",4,2,23620,3,52,4759263,2472109,85.5,172,"Masculino"
"521",521,"Zona Norte",13,"Sí","Buena",3,4,25728,1,27,4875990,2295574,71.8,181.4,"Masculino"
"522",522,"Zona Centro",26,"Sí","Buena",3,2,20007,0,30,5541348,3297151,61.7,156,"Femenino"
"523",523,"Zona Centro",14,"No","Buena",3,6,25048,5,39,3304591,2266829,66.6,172.1,"Masculino"
"524",524,"Zona Norte",13,"Sí","Buena",3,5,27894,1,34,2333497,1539936,60.8,151.3,"Femenino"
"525",525,"Zona Norte",9,"Sí","Regular",2,1,26056,3,32,3359955,1829283,66.3,155.5,"Femenino"
"526",526,"Zona Sur",10,"Sí","Regular",2,4,16906,3,39,4071001,2386252,71.5,150,"Femenino"
"527",527,"Zona Centro",5,"Sí","Buena",3,4,22939,4,51,3119071,1729058,84.4,175.6,"Masculino"
"528",528,"Zona Norte",26,"No","Excelente",4,2,26570,2,30,4393687,2914874,78.4,154.7,"Femenino"
"529",529,"Zona Centro",77,"No","Mala",1,6,24570,2,36,1500000,797578,64.4,181.1,"Masculino"
"530",530,"Zona Centro",10,"No","Mala",1,3,27622,4,40,1663652,678968,58.8,155.9,"Femenino"
"531",531,"Zona Centro",44,"Sí","Regular",2,2,18020,1,46,1500000,1205141,84.6,162.8,"Masculino"
"532",532,"Zona Sur",7,"No","Mala",1,1,17324,5,48,1500000,817526,61.6,180,"Masculino"
"533",533,"Zona Centro",111,"No","Buena",3,2,18122,2,53,6542055,3834135,71.3,185.2,"Masculino"
"534",534,"Zona Sur",38,"No","Mala",1,3,17067,1,52,1500000,749392,95.4,180.1,"Masculino"
"535",535,"Zona Centro",13,"No","Mala",1,4,18642,3,28,3511693,2396109,56,160.5,"Femenino"
"536",536,"Zona Sur",27,"Sí","Excelente",4,5,17438,4,35,1500000,835716,67,173.6,"Femenino"
"537",537,"Zona Centro",8,"No","Buena",3,1,25875,1,33,1601121,1047068,53.4,168.6,"Masculino"
"538",538,"Zona Sur",74,"No","Mala",1,4,20809,3,30,3897734,3070055,65.6,165.3,"Masculino"
"539",539,"Zona Norte",2,"No","Mala",1,0,27602,2,41,3466668,2404904,55.2,162.2,"Femenino"
"540",540,"Zona Centro",13,"Sí","Regular",2,5,24881,2,34,6247635,4648241,54.8,164.3,"Femenino"
"541",541,"Zona Centro",24,"No","Mala",1,3,27625,1,26,2575431,2226241,61.5,162.1,"Femenino"
"542",542,"Zona Centro",30,"No","Buena",3,2,22974,0,33,2284549,1177405,54.1,164,"Masculino"
"543",543,"Zona Centro",28,"Sí","Buena",3,2,20087,2,34,1919606,916058,80,150,"Femenino"
"544",544,"Zona Centro",16,"Sí","Regular",2,1,22631,3,41,6110537,4282765,68.6,157.2,"Femenino"
"545",545,"Zona Norte",46,"No","Buena",3,4,31115,2,52,6330696,4464939,78.3,167.2,"Femenino"
"546",546,"Zona Sur",15,"No","Buena",3,6,18896,3,50,2621260,1798013,49.7,159.8,"Femenino"
"547",547,"Zona Sur",19,"No","Buena",3,4,16639,3,44,1500000,976262,83.6,180.3,"Masculino"
"548",548,"Zona Sur",35,"Sí","Excelente",4,5,13752,3,36,1680134,753285,68,157.8,"Femenino"
"549",549,"Zona Norte",33,"Sí","Regular",2,1,25651,1,35,3165079,2200480,65.4,186.3,"Masculino"
"550",550,"Zona Sur",26,"No","Buena",3,2,20572,2,55,1500000,715578,57,156.2,"Femenino"
"551",551,"Zona Centro",73,"Sí","Excelente",4,5,21472,2,22,2870112,2226256,45.5,154.9,"Femenino"
"552",552,"Zona Sur",20,"Sí","Buena",3,4,19288,1,26,2452138,1574736,78,174.1,"Femenino"
"553",553,"Zona Sur",22,"Sí","Buena",3,1,18020,2,39,1500000,1218087,62.6,171.9,"Masculino"
"554",554,"Zona Sur",21,"No","Regular",2,4,15902,5,32,3837258,2354177,65.4,169.2,"Femenino"
"555",555,"Zona Sur",103,"Sí","Excelente",4,6,16511,3,56,2273848,1342855,74.6,159.5,"Femenino"
"556",556,"Zona Sur",29,"No","Mala",1,2,15764,2,35,2168522,1290773,70.4,183.6,"Masculino"
"557",557,"Zona Norte",30,"Sí","Buena",3,3,30409,1,43,15000000,7783851,75.9,162.9,"Femenino"
"558",558,"Zona Centro",10,"No","Mala",1,4,20524,0,42,1500000,974859,79.9,158.8,"Femenino"
"559",559,"Zona Centro",36,"Sí","Regular",2,2,27326,2,21,6978215,4334330,77,174,"Femenino"
"560",560,"Zona Centro",63,"No","Regular",2,2,23254,2,38,1500000,825222,66.6,182.5,"Masculino"
"561",561,"Zona Centro",20,"No","Mala",1,3,19225,2,30,2022367,1055612,74.8,165.3,"Femenino"
"562",562,"Zona Centro",20,"No","Buena",3,3,25254,1,38,4966631,2047016,51.6,173.6,"Masculino"
"563",563,"Zona Centro",24,"Sí","Buena",3,2,19641,1,52,2604459,1847929,84.2,178.3,"Masculino"
"564",564,"Zona Norte",13,"Sí","Excelente",4,1,24361,2,34,11134832,6343729,76.9,175.8,"Femenino"
"565",565,"Zona Centro",28,"No","Excelente",4,4,24665,2,36,1529891,990708,83.7,190.1,"Masculino"
"566",566,"Zona Centro",29,"No","Regular",2,7,22588,2,43,6704203,5930547,75.1,181.5,"Masculino"
"567",567,"Zona Centro",114,"No","Excelente",4,3,22713,2,35,4454228,2192078,68,168.4,"Masculino"
"568",568,"Zona Centro",9,"Sí","Buena",3,1,17609,2,30,1500000,881493,53.1,181.8,"Masculino"
"569",569,"Zona Centro",12,"Sí","Buena",3,4,22522,3,36,1500000,1429363,76.7,166.1,"Masculino"
"570",570,"Zona Centro",29,"No","Excelente",4,1,24768,3,20,3409886,1983921,68.5,165.6,"Femenino"
"571",571,"Zona Norte",52,"No","Regular",2,2,28419,0,30,1511973,833770,62.9,173.6,"Femenino"
"572",572,"Zona Centro",29,"Sí","Regular",2,2,19794,1,45,5106711,3343144,67,153.4,"Femenino"
"573",573,"Zona Norte",25,"Sí","Excelente",4,2,26100,1,40,6191325,2847415,58.9,168.5,"Masculino"
"574",574,"Zona Sur",85,"No","Buena",3,2,17394,3,44,2145380,1856593,70.4,168.5,"Masculino"
"575",575,"Zona Norte",21,"Sí","Excelente",4,1,31199,3,49,6879949,4052164,68.9,155.1,"Femenino"
"576",576,"Zona Sur",14,"Sí","Buena",3,4,15806,5,52,2205495,1237848,82.9,176.1,"Masculino"
"577",577,"Zona Norte",54,"No","Buena",3,2,30259,1,55,9844820,6852567,60.8,157.8,"Femenino"
"578",578,"Zona Centro",39,"No","Excelente",4,7,22633,1,28,5777477,3244580,71.7,150,"Femenino"
"579",579,"Zona Sur",30,"No","Buena",3,8,15101,3,32,1500000,692756,70.2,163.6,"Masculino"
"580",580,"Zona Centro",20,"Sí","Regular",2,2,24275,1,33,8697570,5313182,76.8,155.4,"Femenino"
"581",581,"Zona Centro",12,"Sí","Regular",2,2,23453,2,48,1500000,888590,64.7,151.7,"Femenino"
"582",582,"Zona Sur",50,"Sí","Buena",3,3,18384,3,35,2069825,1164335,86.7,171.6,"Masculino"
"583",583,"Zona Centro",18,"Sí","Buena",3,7,25840,2,27,3948428,2218215,58.4,150,"Femenino"
"584",584,"Zona Sur",9,"No","Regular",2,8,16257,5,38,1500000,1034026,68.3,163.7,"Femenino"
"585",585,"Zona Centro",15,"No","Buena",3,1,19941,1,33,3139114,2700804,70.4,162.1,"Femenino"
"586",586,"Zona Centro",13,"Sí","Buena",3,3,16487,1,34,5389934,3440822,57.8,164.5,"Femenino"
"587",587,"Zona Norte",38,"Sí","Buena",3,3,27147,4,38,5477396,3205844,63.4,161.8,"Femenino"
"588",588,"Zona Norte",18,"No","Mala",1,1,29643,1,52,2242405,1095922,68.3,178.5,"Masculino"
"589",589,"Zona Centro",65,"No","Regular",2,1,27043,1,40,2821310,1849702,62.4,150.8,"Femenino"
"590",590,"Zona Norte",30,"Sí","Regular",2,3,24943,1,28,1671729,910976,65.8,155.8,"Masculino"
"591",591,"Zona Sur",9,"No","Mala",1,2,16627,0,36,1500000,641364,61.1,153.5,"Femenino"
"592",592,"Zona Norte",40,"Sí","Regular",2,1,26202,0,52,9985781,4094012,73.7,157.9,"Femenino"
"593",593,"Zona Sur",11,"Sí","Buena",3,4,16120,1,32,2422466,1597603,72.5,175.6,"Masculino"
"594",594,"Zona Centro",13,"Sí","Excelente",4,2,22505,2,56,1500000,601043,57.6,160.4,"Femenino"
"595",595,"Zona Centro",10,"No","Excelente",4,3,23963,0,42,6166818,4857208,63.2,177.8,"Masculino"
"596",596,"Zona Norte",19,"No","Buena",3,0,26952,1,43,5206252,1936002,76.7,172.4,"Masculino"
"597",597,"Zona Centro",11,"Sí","Regular",2,4,18736,1,39,4707512,2893897,55.5,154.7,"Femenino"
"598",598,"Zona Centro",45,"Sí","Excelente",4,3,21205,1,35,4583644,2377354,58,158.2,"Femenino"
"599",599,"Zona Centro",59,"No","Mala",1,1,19367,0,44,1557046,832239,74.5,165.4,"Femenino"
"600",600,"Zona Norte",22,"Sí","Buena",3,1,25301,0,34,2628142,1630869,60.8,165.5,"Femenino"
"601",601,"Zona Norte",6,"Sí","Buena",3,3,26309,0,45,2613919,1115340,79.6,154.9,"Femenino"
"602",602,"Zona Norte",6,"Sí","Buena",3,0,24464,1,45,1610542,1227887,74.1,169.9,"Masculino"
"603",603,"Zona Norte",16,"No","Regular",2,0,29129,1,46,2772589,1948292,70.8,158,"Femenino"
"604",604,"Zona Norte",37,"No","Buena",3,3,26551,4,58,4057477,2330025,66.4,183.1,"Masculino"
"605",605,"Zona Centro",43,"No","Excelente",4,3,23052,2,23,4886021,3031107,62.9,157.8,"Femenino"
"606",606,"Zona Centro",15,"Sí","Buena",3,3,22741,3,31,1500000,1165587,86.5,155.8,"Femenino"
"607",607,"Zona Centro",3,"Sí","Excelente",4,2,19564,1,27,5597438,3194050,60.5,152.8,"Femenino"
"608",608,"Zona Norte",21,"No","Mala",1,1,30886,1,37,13739813,6860502,73,166.6,"Masculino"
"609",609,"Zona Centro",72,"No","Regular",2,1,22531,2,37,5014901,3091883,61.1,156.8,"Femenino"
"610",610,"Zona Centro",29,"No","Buena",3,4,21742,3,30,1500000,576617,63.8,169.2,"Femenino"
"611",611,"Zona Centro",61,"No","Buena",3,4,26149,0,36,5218124,3820251,65.3,150,"Femenino"
"612",612,"Zona Centro",31,"No","Mala",1,2,17488,3,51,4023843,2354362,72.1,150,"Femenino"
"613",613,"Zona Centro",11,"No","Mala",1,4,22741,1,45,2938826,2013519,63.6,163.5,"Femenino"
"614",614,"Zona Sur",54,"Sí","Mala",1,3,17882,4,32,2023844,1411062,66.5,159.7,"Femenino"
"615",615,"Zona Norte",11,"No","Regular",2,5,28370,0,33,9459947,5095138,77.2,158.7,"Femenino"
"616",616,"Zona Norte",30,"Sí","Excelente",4,5,23145,1,38,2081512,1708435,72.5,153.7,"Femenino"
"617",617,"Zona Norte",32,"Sí","Excelente",4,6,24765,3,43,3830975,1949235,67.3,166.5,"Masculino"
"618",618,"Zona Centro",21,"No","Excelente",4,4,21185,2,38,3301432,1566355,68.6,168.3,"Masculino"
"619",619,"Zona Centro",42,"No","Buena",3,2,20532,0,21,3047886,1471819,68.1,165.1,"Masculino"
"620",620,"Zona Norte",12,"No","Regular",2,0,28509,2,36,7343959,4463379,65.7,167.2,"Masculino"
"621",621,"Zona Centro",60,"No","Excelente",4,5,18842,3,65,5036099,3397765,68.9,180.4,"Femenino"
"622",622,"Zona Norte",57,"No","Excelente",4,2,28169,2,40,6993146,4646640,60.2,161.6,"Masculino"
"623",623,"Zona Sur",109,"No","Mala",1,4,12917,3,24,1515908,694829,52.5,150,"Femenino"
"624",624,"Zona Norte",19,"Sí","Excelente",4,2,27492,1,34,8254033,6166281,55.4,163.9,"Femenino"
"625",625,"Zona Norte",44,"Sí","Buena",3,0,25207,2,46,13229229,11177124,71.6,168.3,"Masculino"
"626",626,"Zona Norte",5,"No","Regular",2,2,28893,2,29,7184388,2099788,74.3,178.1,"Masculino"
"627",627,"Zona Centro",15,"Sí","Buena",3,3,18576,2,58,2356546,1204954,74,169.1,"Masculino"
"628",628,"Zona Sur",47,"Sí","Regular",2,4,16970,3,43,1500000,1379758,100.3,167.3,"Masculino"
"629",629,"Zona Centro",113,"No","Regular",2,3,20788,3,28,1500000,730612,47.5,156.6,"Femenino"
"630",630,"Zona Centro",4,"Sí","Excelente",4,1,19638,3,32,3940264,3179769,87.8,177.4,"Masculino"
"631",631,"Zona Norte",11,"No","Excelente",4,2,28614,2,51,8637792,5773686,55.9,162.5,"Femenino"
"632",632,"Zona Norte",11,"Sí","Regular",2,2,28693,3,37,1902316,1101036,69.5,168.8,"Femenino"
"633",633,"Zona Sur",22,"No","Regular",2,5,18527,2,31,1500000,717797,63.7,168.8,"Masculino"
"634",634,"Zona Centro",26,"Sí","Regular",2,1,20916,2,30,1500000,1048232,74.8,161.3,"Femenino"
"635",635,"Zona Sur",14,"Sí","Mala",1,5,15431,2,27,3127832,1434149,65.9,172.2,"Masculino"
"636",636,"Zona Norte",66,"No","Regular",2,0,27574,3,38,3751850,2203057,71.1,162.8,"Femenino"
"637",637,"Zona Centro",7,"No","Regular",2,2,18519,1,32,5727300,2447069,80.9,166.9,"Masculino"
"638",638,"Zona Norte",10,"No","Regular",2,2,26928,2,28,3206163,1143399,70.6,170.8,"Masculino"
"639",639,"Zona Sur",65,"Sí","Excelente",4,3,15368,1,40,1500000,818731,70,172.6,"Masculino"
"640",640,"Zona Norte",52,"No","Excelente",4,4,27968,3,58,5317923,2280417,86.4,169.5,"Masculino"
"641",641,"Zona Norte",22,"No","Excelente",4,3,29526,2,49,14708087,8803245,76.1,163.2,"Masculino"
"642",642,"Zona Norte",41,"Sí","Excelente",4,6,32000,3,25,4448609,3064879,80.9,158.3,"Femenino"
"643",643,"Zona Centro",33,"Sí","Regular",2,4,25258,1,28,2777248,1403617,45,165.2,"Masculino"
"644",644,"Zona Centro",31,"No","Excelente",4,4,20682,3,36,3249209,2317068,53.7,167.1,"Femenino"
"645",645,"Zona Norte",30,"Sí","Buena",3,3,25684,0,32,1828182,1393119,74.1,181.4,"Masculino"
"646",646,"Zona Centro",16,"Sí","Excelente",4,3,21934,0,50,2468854,1552592,73.3,169.6,"Femenino"
"647",647,"Zona Norte",136,"No","Buena",3,1,28243,1,42,7281637,4411451,54.6,155.3,"Femenino"
"648",648,"Zona Centro",14,"No","Regular",2,1,22803,0,27,2003826,1063739,70,160.9,"Masculino"
"649",649,"Zona Centro",8,"No","Regular",2,4,18714,4,49,4207131,2258652,66.2,153.4,"Femenino"
"650",650,"Zona Centro",26,"Sí","Regular",2,1,20304,1,25,1717376,925503,69.4,163.2,"Masculino"
"651",651,"Zona Norte",16,"No","Regular",2,3,27814,2,23,3660658,1901693,54.5,171.9,"Masculino"
"652",652,"Zona Norte",21,"No","Regular",2,4,30668,2,26,5779348,3868671,74.2,159,"Femenino"
"653",653,"Zona Centro",21,"Sí","Mala",1,2,25717,1,28,2500780,1664762,80,171.6,"Masculino"
"654",654,"Zona Centro",18,"Sí","Buena",3,4,20103,1,36,1987116,1320643,79.7,168.5,"Femenino"
"655",655,"Zona Centro",13,"No","Excelente",4,2,18805,3,34,2739715,1349508,54.5,171.3,"Masculino"
"656",656,"Zona Sur",93,"Sí","Buena",3,4,19248,5,33,3159854,1700545,58.5,158.9,"Femenino"
"657",657,"Zona Centro",15,"No","Regular",2,4,22832,1,39,2189418,1028229,74.5,172.6,"Masculino"
"658",658,"Zona Sur",71,"Sí","Buena",3,6,17272,3,23,3190619,3060286,67.9,150,"Femenino"
"659",659,"Zona Centro",62,"No","Regular",2,3,24730,3,39,3318852,1251559,54.8,158.3,"Femenino"
"660",660,"Zona Centro",31,"No","Regular",2,4,24175,1,28,3181732,2203031,65.6,158.4,"Femenino"
"661",661,"Zona Norte",15,"No","Regular",2,6,29608,3,26,5521974,3622127,51.6,177.1,"Masculino"
"662",662,"Zona Centro",14,"Sí","Excelente",4,4,20794,2,33,6650049,4092670,76.1,166,"Masculino"
"663",663,"Zona Norte",38,"No","Mala",1,2,27624,2,30,2997265,2367964,71.8,166.7,"Masculino"
"664",664,"Zona Norte",10,"No","Regular",2,4,26173,3,54,6620927,4862053,83.2,164,"Masculino"
"665",665,"Zona Centro",15,"No","Buena",3,0,23128,3,47,1500000,910059,74.6,170.8,"Masculino"
"666",666,"Zona Norte",93,"Sí","Buena",3,0,28349,2,34,7579762,3758799,52.5,160.7,"Femenino"
"667",667,"Zona Sur",3,"No","Regular",2,2,17378,2,31,1500000,897971,94.6,170.5,"Femenino"
"668",668,"Zona Sur",14,"Sí","Buena",3,2,20352,1,40,1743388,1070657,76.8,161.6,"Femenino"
"669",669,"Zona Centro",13,"No","Buena",3,4,21273,1,32,15000000,9765724,73.7,161.4,"Femenino"
"670",670,"Zona Norte",10,"Sí","Mala",1,1,26087,1,26,1791192,1557519,75.4,165.9,"Masculino"
"671",671,"Zona Sur",13,"Sí","Buena",3,4,17337,1,53,2074086,1171451,77.9,168.6,"Femenino"
"672",672,"Zona Sur",33,"Sí","Buena",3,5,18013,3,31,2313504,1008131,84.7,163.5,"Masculino"
"673",673,"Zona Norte",34,"Sí","Buena",3,1,29259,2,36,2524942,2041367,73,156.5,"Femenino"
"674",674,"Zona Centro",78,"No","Regular",2,2,17625,1,38,1500000,894737,66.6,161.6,"Femenino"
"675",675,"Zona Sur",31,"No","Buena",3,7,13803,3,40,1647688,843295,67,165.5,"Femenino"
"676",676,"Zona Sur",22,"No","Mala",1,2,15490,4,44,3194196,1312850,71.2,161.5,"Femenino"
"677",677,"Zona Centro",33,"Sí","Regular",2,4,20393,1,38,7051502,4581419,81.5,172.4,"Masculino"
"678",678,"Zona Sur",88,"Sí","Excelente",4,7,17027,5,30,1500000,1035282,71.9,163.3,"Femenino"
"679",679,"Zona Norte",43,"No","Excelente",4,6,27205,5,40,12188716,6028158,75.5,181.7,"Masculino"
"680",680,"Zona Centro",21,"Sí","Excelente",4,5,23312,3,38,1887829,700414,82.1,158.8,"Femenino"
"681",681,"Zona Norte",23,"Sí","Regular",2,2,26461,1,29,6636964,5141554,53.7,157.2,"Femenino"
"682",682,"Zona Sur",65,"No","Excelente",4,4,16482,5,29,1500000,1314600,66.3,158.2,"Femenino"
"683",683,"Zona Norte",21,"No","Mala",1,1,28307,0,30,6190480,3219828,65.6,174.3,"Masculino"
"684",684,"Zona Norte",21,"Sí","Buena",3,3,27886,1,45,12606394,5143717,82.1,169.9,"Masculino"
"685",685,"Zona Centro",49,"Sí","Buena",3,7,18214,2,54,3077451,1940248,77.4,156.3,"Femenino"
"686",686,"Zona Centro",6,"No","Buena",3,3,24538,2,24,2981366,1722942,76.8,172.5,"Masculino"
"687",687,"Zona Norte",48,"No","Regular",2,3,27745,2,38,11294554,7084464,53.7,166.6,"Femenino"
"688",688,"Zona Sur",4,"No","Regular",2,3,16402,1,59,1563040,661438,64.6,161,"Femenino"
"689",689,"Zona Norte",66,"No","Buena",3,1,24251,2,45,3122053,1668203,74.3,158.4,"Femenino"
"690",690,"Zona Centro",58,"Sí","Mala",1,6,22201,0,29,1500000,500000,52.3,187.3,"Masculino"
"691",691,"Zona Centro",26,"Sí","Buena",3,6,25298,5,62,2934746,1947367,66.6,168.9,"Masculino"
"692",692,"Zona Centro",37,"No","Excelente",4,5,25157,3,42,5324157,2966208,90.3,169.5,"Masculino"
"693",693,"Zona Norte",17,"Sí","Excelente",4,4,28670,0,57,15000000,5312314,67.4,159.2,"Femenino"
"694",694,"Zona Sur",34,"No","Regular",2,5,15032,1,59,1626448,1053311,65.4,165.4,"Femenino"
"695",695,"Zona Norte",4,"No","Excelente",4,5,29340,3,36,2355211,1406211,59.5,164.5,"Femenino"
"696",696,"Zona Sur",16,"No","Regular",2,4,18422,5,34,1793455,916401,52.4,151.8,"Femenino"
"697",697,"Zona Norte",4,"Sí","Buena",3,1,28880,1,40,5413209,3387534,66.6,171.5,"Masculino"
"698",698,"Zona Centro",16,"Sí","Regular",2,1,21702,1,55,2012039,969028,69,155,"Femenino"
"699",699,"Zona Norte",38,"No","Mala",1,2,28793,2,29,5411567,3461924,71.7,161,"Masculino"
"700",700,"Zona Sur",10,"Sí","Buena",3,2,15766,2,47,2624259,1864029,72,168.6,"Femenino"
"701",701,"Zona Norte",39,"Sí","Excelente",4,3,28199,1,52,2832194,1320153,68.9,152.3,"Femenino"
"702",702,"Zona Centro",15,"Sí","Regular",2,3,24837,2,57,1500000,909330,66.2,158.9,"Femenino"
"703",703,"Zona Sur",16,"Sí","Regular",2,1,20009,3,33,1500000,748531,56.3,151.9,"Femenino"
"704",704,"Zona Norte",30,"No","Mala",1,3,29897,1,43,4237992,2503060,76.1,156.7,"Femenino"
"705",705,"Zona Sur",22,"No","Mala",1,2,21499,5,57,2108233,1311308,78.6,179.9,"Masculino"
"706",706,"Zona Norte",22,"No","Regular",2,0,27008,0,40,6190085,3341133,73,180.8,"Masculino"
"707",707,"Zona Norte",101,"Sí","Regular",2,1,25783,1,50,3126827,1869178,80.3,165.5,"Masculino"
"708",708,"Zona Centro",10,"Sí","Mala",1,5,20929,4,35,2589495,1543517,72.1,153.3,"Femenino"
"709",709,"Zona Centro",35,"Sí","Regular",2,4,22746,2,52,13023433,7234942,76.1,170.6,"Masculino"
"710",710,"Zona Norte",13,"No","Buena",3,3,25753,1,25,4635034,2442299,55.3,172.9,"Masculino"
"711",711,"Zona Sur",44,"No","Regular",2,1,16184,3,39,7914022,3879641,62.2,171.1,"Masculino"
"712",712,"Zona Centro",51,"Sí","Regular",2,3,16977,0,29,2540863,1345525,76.6,159.3,"Femenino"
"713",713,"Zona Centro",113,"No","Buena",3,5,23861,5,33,3702118,3079533,75.6,171.5,"Masculino"
"714",714,"Zona Norte",31,"No","Regular",2,0,26058,0,27,2474250,1943635,65.9,157.6,"Femenino"
"715",715,"Zona Norte",29,"No","Buena",3,3,27950,3,33,3929882,2313338,51.1,154.9,"Femenino"
"716",716,"Zona Norte",40,"Sí","Excelente",4,4,30467,1,48,2885760,2042722,63.3,177.9,"Masculino"
"717",717,"Zona Sur",12,"Sí","Excelente",4,7,15605,3,36,6103282,2490561,63,166.3,"Femenino"
"718",718,"Zona Norte",39,"Sí","Buena",3,2,27473,1,21,3386013,2240405,78.4,177.9,"Masculino"
"719",719,"Zona Centro",22,"Sí","Excelente",4,5,21682,0,48,3681061,2658609,70.7,170.1,"Masculino"
"720",720,"Zona Sur",76,"Sí","Regular",2,7,13108,1,48,1545916,1026019,76.5,175.8,"Masculino"
"721",721,"Zona Norte",28,"Sí","Excelente",4,0,27332,1,36,2597840,1187676,78,179.5,"Masculino"
"722",722,"Zona Centro",100,"No","Regular",2,1,27851,2,34,2422649,1955312,72.5,162,"Femenino"
"723",723,"Zona Norte",68,"Sí","Buena",3,4,27502,1,29,2883435,1649177,53.7,169.8,"Femenino"
"724",724,"Zona Centro",38,"No","Regular",2,5,22816,2,44,2227106,1161228,95.1,175.4,"Masculino"
"725",725,"Zona Norte",8,"Sí","Mala",1,1,28439,1,30,5258607,3543111,72.1,159,"Masculino"
"726",726,"Zona Sur",11,"No","Buena",3,1,17374,2,45,1500000,656509,68.9,156.6,"Femenino"
"727",727,"Zona Norte",8,"No","Regular",2,1,28339,4,40,3902140,2660105,51.1,154.9,"Femenino"
"728",728,"Zona Sur",51,"No","Regular",2,3,15305,2,47,1500000,806913,71.1,162.1,"Femenino"
"729",729,"Zona Centro",18,"Sí","Excelente",4,3,22046,3,33,4772002,2572647,76,170.9,"Masculino"
"730",730,"Zona Sur",52,"No","Mala",1,0,16656,3,32,1566130,1061163,69.7,170.2,"Femenino"
"731",731,"Zona Sur",49,"No","Regular",2,3,21726,2,38,1645878,620527,60.8,171.5,"Masculino"
"732",732,"Zona Sur",17,"Sí","Excelente",4,7,16501,3,27,1924561,638113,66.7,173.2,"Masculino"
"733",733,"Zona Sur",12,"No","Excelente",4,2,17565,1,50,1500000,826376,64.2,159.4,"Femenino"
"734",734,"Zona Centro",14,"Sí","Buena",3,5,25025,1,33,1938852,1069990,69.2,156.7,"Femenino"
"735",735,"Zona Centro",21,"Sí","Buena",3,4,25988,0,61,3658900,2384945,73.9,166.9,"Masculino"
"736",736,"Zona Norte",4,"No","Mala",1,1,30215,1,30,2498564,1580288,62.2,151.8,"Femenino"
"737",737,"Zona Centro",31,"Sí","Mala",1,4,23571,1,53,1994333,1269836,55.1,153.1,"Femenino"
"738",738,"Zona Centro",29,"No","Regular",2,7,23998,1,29,5362896,2186761,66.3,164.3,"Femenino"
"739",739,"Zona Centro",6,"Sí","Regular",2,3,19836,5,61,4111067,3256784,92.7,176.7,"Masculino"
"740",740,"Zona Centro",16,"Sí","Mala",1,3,23133,2,53,3911669,1987262,81.5,152.7,"Femenino"
"741",741,"Zona Norte",28,"No","Buena",3,3,29536,0,49,15000000,9626046,70.1,168.3,"Masculino"
"742",742,"Zona Norte",16,"No","Mala",1,1,24521,2,32,3724207,1952869,76.1,169.8,"Femenino"
"743",743,"Zona Norte",63,"Sí","Buena",3,1,27014,0,34,3796901,2456673,56.5,159.7,"Femenino"
"744",744,"Zona Centro",51,"No","Excelente",4,3,21363,0,32,1785479,1120166,72.5,160.7,"Masculino"
"745",745,"Zona Norte",17,"No","Mala",1,0,26132,1,48,15000000,10020221,69,153.6,"Femenino"
"746",746,"Zona Centro",48,"Sí","Buena",3,2,16737,1,35,1500000,1033807,50.6,150,"Femenino"
"747",747,"Zona Sur",28,"Sí","Buena",3,4,18441,2,37,3199780,2769444,83.6,179.4,"Masculino"
"748",748,"Zona Sur",119,"No","Excelente",4,1,15493,1,60,3569759,2007864,63.7,159,"Femenino"
"749",749,"Zona Sur",72,"Sí","Mala",1,1,20908,2,29,2863339,2062569,67,150,"Femenino"
"750",750,"Zona Centro",24,"Sí","Regular",2,3,17652,4,62,2578010,1023188,71.1,156,"Femenino"
"751",751,"Zona Norte",11,"No","Buena",3,2,27687,2,53,2242093,1458653,78.2,168.3,"Femenino"
"752",752,"Zona Sur",27,"Sí","Regular",2,2,16551,3,32,1500000,791298,68.5,156,"Femenino"
"753",753,"Zona Sur",6,"No","Regular",2,5,15142,3,38,1797631,890456,60.8,163,"Femenino"
"754",754,"Zona Sur",53,"Sí","Buena",3,9,14401,1,43,3374457,3051982,52.4,171.9,"Masculino"
"755",755,"Zona Norte",17,"No","Regular",2,1,30620,0,32,1500000,1043011,67.2,166.9,"Masculino"
"756",756,"Zona Centro",50,"Sí","Excelente",4,3,20972,2,28,6685087,3919554,81.8,180.3,"Masculino"
"757",757,"Zona Sur",3,"Sí","Regular",2,3,14715,3,47,1500000,1322522,71.5,181.9,"Masculino"
"758",758,"Zona Centro",21,"No","Regular",2,4,20631,2,38,2728843,2158350,54.2,169.2,"Masculino"
"759",759,"Zona Centro",20,"Sí","Excelente",4,0,26276,2,40,4791923,2251706,85.5,156.3,"Femenino"
"760",760,"Zona Centro",21,"No","Mala",1,7,25371,5,52,4514108,3679680,69,179.9,"Masculino"
"761",761,"Zona Centro",4,"No","Mala",1,4,19685,3,32,3529322,1684631,73.4,167,"Masculino"
"762",762,"Zona Centro",22,"Sí","Excelente",4,3,18005,1,34,6976419,4209349,61.4,165.2,"Femenino"
"763",763,"Zona Centro",4,"Sí","Buena",3,3,21717,2,35,1659803,1015724,65.6,164,"Femenino"
"764",764,"Zona Centro",14,"Sí","Regular",2,5,24017,4,28,2617795,2026037,62.3,169.1,"Masculino"
"765",765,"Zona Sur",30,"No","Buena",3,3,16848,1,28,1500000,1010845,76.8,168.1,"Femenino"
"766",766,"Zona Centro",32,"Sí","Excelente",4,4,20841,5,35,3747831,1548435,71.6,159.1,"Femenino"
"767",767,"Zona Centro",55,"No","Mala",1,2,24011,1,31,1500000,1092033,68,167.9,"Masculino"
"768",768,"Zona Sur",16,"Sí","Excelente",4,6,19979,4,40,1500000,813624,69.4,167.7,"Masculino"
"769",769,"Zona Norte",22,"No","Excelente",4,5,27987,5,29,11982959,7757082,84.2,172.4,"Masculino"
"770",770,"Zona Sur",20,"Sí","Buena",3,4,15162,1,39,3589333,2010265,58.6,172.9,"Femenino"
"771",771,"Zona Norte",51,"No","Mala",1,0,27712,0,49,3705872,2013113,77.8,166,"Masculino"
"772",772,"Zona Norte",12,"Sí","Buena",3,1,28140,1,42,3452579,1899909,62.5,154.7,"Femenino"
"773",773,"Zona Centro",40,"Sí","Excelente",4,5,21543,0,49,1664750,1036562,68.2,151.1,"Femenino"
"774",774,"Zona Norte",10,"No","Buena",3,2,28359,2,34,8700475,5161063,61.5,159.5,"Femenino"
"775",775,"Zona Centro",44,"Sí","Regular",2,3,20957,0,35,1500000,842411,62.1,170.4,"Femenino"
"776",776,"Zona Sur",15,"No","Mala",1,5,16458,4,50,2056636,915004,66.8,160.4,"Femenino"
"777",777,"Zona Centro",46,"Sí","Regular",2,2,19642,3,38,3545670,2515128,58.6,152.7,"Femenino"
"778",778,"Zona Sur",67,"Sí","Buena",3,2,16191,1,54,1500000,500000,83.8,177.8,"Masculino"
"779",779,"Zona Centro",30,"Sí","Buena",3,3,23854,2,31,5989049,3103873,55.6,157.9,"Femenino"
"780",780,"Zona Sur",45,"Sí","Regular",2,5,14461,1,31,3952708,1893462,84.1,179.8,"Masculino"
"781",781,"Zona Norte",46,"No","Regular",2,1,28120,2,44,4176962,2288552,57.1,164.7,"Femenino"
"782",782,"Zona Sur",34,"No","Regular",2,5,17730,4,30,3871463,2640817,75.1,164.1,"Femenino"
"783",783,"Zona Norte",14,"No","Mala",1,2,28515,1,37,3208268,1818144,69.7,160.9,"Masculino"
"784",784,"Zona Norte",35,"No","Mala",1,1,25405,1,34,2599761,1638471,54.8,177.5,"Masculino"
"785",785,"Zona Norte",85,"Sí","Excelente",4,5,29742,1,51,7816816,4517321,79.4,170.1,"Femenino"
"786",786,"Zona Centro",10,"Sí","Mala",1,0,18389,1,37,3776147,2454761,61.7,165.7,"Femenino"
"787",787,"Zona Norte",35,"No","Mala",1,2,25744,0,23,15000000,12000000,67.1,180.7,"Masculino"
"788",788,"Zona Norte",2,"Sí","Mala",1,3,27979,3,36,7695200,5488336,64.2,151.6,"Femenino"
"789",789,"Zona Sur",36,"Sí","Buena",3,6,18105,4,41,3530824,1904656,71.9,156.2,"Femenino"
"790",790,"Zona Sur",9,"No","Buena",3,7,15069,4,29,1909110,1142110,83.2,156.5,"Femenino"
"791",791,"Zona Sur",27,"No","Excelente",4,4,17597,2,21,4690484,2355080,77.2,169.9,"Masculino"
"792",792,"Zona Sur",4,"Sí","Mala",1,3,17236,2,44,1500000,657848,74.9,168.1,"Masculino"
"793",793,"Zona Sur",73,"No","Buena",3,7,15376,3,60,2834784,1659361,61.3,157.3,"Masculino"
"794",794,"Zona Centro",34,"No","Excelente",4,1,20845,2,39,4006350,2392508,66.2,165.2,"Femenino"
"795",795,"Zona Centro",39,"No","Mala",1,4,18847,4,34,2843127,2389442,50.3,159.3,"Femenino"
"796",796,"Zona Centro",21,"No","Mala",1,2,24163,3,21,3167098,1795536,70.1,158.5,"Femenino"
"797",797,"Zona Sur",34,"No","Mala",1,3,18417,4,61,1875589,1655890,58.1,176.5,"Femenino"
"798",798,"Zona Centro",80,"No","Regular",2,6,19488,1,27,5652399,3480576,68.3,151.6,"Femenino"
"799",799,"Zona Centro",22,"No","Mala",1,0,23255,3,27,3274670,2047869,60.6,158.5,"Femenino"
"800",800,"Zona Norte",26,"No","Buena",3,3,25975,1,18,7424813,4769644,71.7,155.3,"Femenino"
"801",801,"Zona Norte",27,"No","Buena",3,2,30544,3,32,3179139,2018566,61.2,169.2,"Femenino"
"802",802,"Zona Centro",19,"Sí","Buena",3,1,22805,0,35,3904986,2094064,65.6,181.9,"Masculino"
"803",803,"Zona Centro",36,"No","Mala",1,4,25199,5,35,3192621,2585090,54.4,165.9,"Femenino"
"804",804,"Zona Sur",6,"No","Mala",1,5,15573,1,24,1500000,1308472,75.6,159.2,"Femenino"
"805",805,"Zona Centro",22,"Sí","Mala",1,2,25109,3,43,7665152,4742588,65.1,150,"Femenino"
"806",806,"Zona Centro",18,"No","Excelente",4,6,21952,1,27,2688927,1548862,73.8,150,"Femenino"
"807",807,"Zona Centro",23,"No","Regular",2,1,23347,1,50,2617100,855281,70.6,167.8,"Masculino"
"808",808,"Zona Sur",56,"No","Regular",2,3,16754,4,54,2952790,1633178,57.5,167.2,"Femenino"
"809",809,"Zona Norte",60,"Sí","Regular",2,1,26217,0,37,2589198,1777184,65.7,162.7,"Masculino"
"810",810,"Zona Centro",102,"Sí","Regular",2,4,22301,2,28,1667251,908626,53.7,167.5,"Masculino"
"811",811,"Zona Centro",47,"No","Mala",1,3,19471,3,39,1923917,1350753,83.9,150.2,"Femenino"
"812",812,"Zona Norte",7,"No","Buena",3,3,27256,1,37,5746949,2767965,61,154.3,"Femenino"
"813",813,"Zona Centro",44,"Sí","Excelente",4,6,19773,3,23,1949532,965351,60.2,167.6,"Masculino"
"814",814,"Zona Centro",16,"No","Buena",3,1,19165,1,32,3889987,2729848,73.1,184,"Masculino"
"815",815,"Zona Centro",39,"No","Buena",3,2,18461,1,50,2779405,1858180,58.5,167.5,"Femenino"
"816",816,"Zona Sur",40,"No","Excelente",4,7,19284,0,39,3654146,1444461,57.3,162.4,"Femenino"
"817",817,"Zona Centro",34,"Sí","Excelente",4,4,20201,2,35,4466907,2359026,71.9,170.3,"Femenino"
"818",818,"Zona Centro",23,"Sí","Mala",1,2,22093,1,27,2372734,1709646,68.8,175.7,"Masculino"
"819",819,"Zona Sur",18,"No","Regular",2,2,20414,1,37,1500000,886446,67.8,185,"Masculino"
"820",820,"Zona Centro",26,"No","Mala",1,5,21909,1,35,9117985,5275205,82.8,171.2,"Masculino"
"821",821,"Zona Norte",51,"Sí","Mala",1,0,27481,0,24,3742646,2407813,54.9,170.6,"Femenino"
"822",822,"Zona Sur",40,"No","Regular",2,2,14517,2,59,4702362,3650189,74,172.4,"Masculino"
"823",823,"Zona Centro",35,"Sí","Buena",3,3,23652,2,35,6365169,4484187,68.3,159.6,"Femenino"
"824",824,"Zona Centro",25,"Sí","Excelente",4,3,22433,4,54,2235728,1298209,62.8,174.5,"Masculino"
"825",825,"Zona Sur",16,"Sí","Regular",2,2,17253,2,34,1500000,934890,70.4,176.4,"Masculino"
"826",826,"Zona Sur",6,"Sí","Excelente",4,8,17233,0,35,4764595,3179293,66.1,178.3,"Masculino"
"827",827,"Zona Sur",26,"Sí","Regular",2,4,13649,4,31,4530315,2065515,68.4,159.4,"Masculino"
"828",828,"Zona Centro",12,"No","Regular",2,4,19998,0,45,1632302,644455,51.7,161.5,"Femenino"
"829",829,"Zona Sur",18,"Sí","Buena",3,3,16927,2,28,1712791,1084054,58.5,174.3,"Masculino"
"830",830,"Zona Centro",35,"Sí","Regular",2,3,25158,2,46,3234525,2368993,62.1,166.8,"Femenino"
"831",831,"Zona Centro",13,"Sí","Buena",3,1,23060,1,29,1901363,1105532,79.2,171.3,"Masculino"
"832",832,"Zona Norte",39,"No","Mala",1,3,27495,2,32,11021206,5119370,71.7,166.9,"Femenino"
"833",833,"Zona Sur",15,"No","Excelente",4,3,15195,5,69,2079384,1249215,65.7,170.4,"Femenino"
"834",834,"Zona Centro",49,"Sí","Regular",2,4,18849,3,36,1500000,976947,62.3,164.8,"Masculino"
"835",835,"Zona Centro",5,"No","Buena",3,5,26864,4,28,2519617,816449,62.5,160,"Femenino"
"836",836,"Zona Sur",9,"No","Regular",2,1,15772,5,46,2387662,1461889,66.3,159.7,"Femenino"
"837",837,"Zona Centro",14,"No","Buena",3,4,21760,3,38,1500000,1318248,69.7,168.9,"Femenino"
"838",838,"Zona Sur",50,"Sí","Regular",2,4,16197,4,44,1916854,990295,86.8,179,"Masculino"
"839",839,"Zona Sur",40,"Sí","Excelente",4,5,16795,3,32,4805086,2811157,79.7,168.8,"Femenino"
"840",840,"Zona Sur",18,"No","Mala",1,4,14877,2,18,2422925,2062986,71.4,183,"Masculino"
"841",841,"Zona Centro",50,"No","Buena",3,4,20171,3,26,2112458,1496000,58.1,153.1,"Femenino"
"842",842,"Zona Centro",17,"No","Buena",3,1,23202,1,29,8483486,5097323,63.7,180.7,"Masculino"
"843",843,"Zona Sur",21,"Sí","Mala",1,3,16580,4,40,2139707,1323920,50.1,168.4,"Femenino"
"844",844,"Zona Centro",41,"Sí","Buena",3,5,21615,1,25,2166917,1792822,64.4,162.4,"Femenino"
"845",845,"Zona Centro",21,"No","Buena",3,0,19946,2,34,10745211,6616612,75.1,166.8,"Femenino"
"846",846,"Zona Norte",18,"Sí","Buena",3,4,27342,3,32,9880080,7659906,72,166.1,"Masculino"
"847",847,"Zona Centro",64,"Sí","Regular",2,2,23354,0,49,1906363,1096285,59.8,176.5,"Masculino"
"848",848,"Zona Norte",24,"No","Excelente",4,4,28000,1,38,15000000,9832896,74.8,173.2,"Masculino"
"849",849,"Zona Norte",8,"Sí","Excelente",4,1,29266,1,28,10035818,6478106,62.8,170.9,"Masculino"
"850",850,"Zona Norte",25,"Sí","Regular",2,0,27557,4,41,6984377,3488956,79.7,153.6,"Femenino"
"851",851,"Zona Centro",34,"No","Buena",3,6,20609,2,40,3916224,3013021,64.7,171.8,"Masculino"
"852",852,"Zona Centro",49,"No","Buena",3,2,20561,1,33,7479043,5132232,76.3,179.8,"Masculino"
"853",853,"Zona Sur",12,"No","Buena",3,1,16060,2,41,1500000,1114679,69.4,171.6,"Masculino"
"854",854,"Zona Sur",51,"Sí","Mala",1,4,14542,1,31,2139354,1774845,65.2,171.5,"Femenino"
"855",855,"Zona Sur",8,"Sí","Buena",3,2,16685,2,33,2328853,1588071,78.1,165.3,"Femenino"
"856",856,"Zona Norte",31,"No","Buena",3,2,21845,0,47,2425973,1268362,69.1,177.7,"Masculino"
"857",857,"Zona Sur",64,"No","Buena",3,4,17668,2,33,4746692,2770887,60,164.3,"Femenino"
"858",858,"Zona Centro",16,"Sí","Mala",1,1,23553,3,33,3220735,1675422,67.7,184.1,"Masculino"
"859",859,"Zona Norte",22,"No","Excelente",4,0,27416,1,45,6452535,3078374,73.4,168.1,"Femenino"
"860",860,"Zona Norte",5,"No","Regular",2,0,26809,3,34,7852199,4207235,71.7,182.2,"Masculino"
"861",861,"Zona Centro",38,"No","Buena",3,7,20243,1,28,2514611,1319351,82.8,168.1,"Masculino"
"862",862,"Zona Norte",20,"No","Excelente",4,2,29858,1,37,2197671,1536423,91.9,164.5,"Masculino"
"863",863,"Zona Sur",30,"No","Excelente",4,5,16627,3,42,1754813,926318,60,163.1,"Femenino"
"864",864,"Zona Centro",5,"Sí","Regular",2,1,21583,0,57,1500000,1060607,79.1,164,"Masculino"
"865",865,"Zona Norte",22,"Sí","Buena",3,1,27762,0,33,3432769,1919580,52.7,165.1,"Femenino"
"866",866,"Zona Sur",21,"No","Regular",2,6,15780,1,39,2557879,1259544,68.3,166.7,"Femenino"
"867",867,"Zona Centro",28,"No","Regular",2,6,18445,1,54,1981220,1236076,54.9,156.8,"Femenino"
"868",868,"Zona Centro",20,"Sí","Buena",3,5,25675,2,44,4799618,2874159,74.9,159.7,"Femenino"
"869",869,"Zona Norte",28,"No","Buena",3,6,28137,2,42,6779383,4760336,54.6,150,"Femenino"
"870",870,"Zona Centro",51,"No","Buena",3,2,21845,5,28,1500000,685845,72.1,163.7,"Masculino"
"871",871,"Zona Norte",13,"No","Mala",1,2,26638,2,31,3141744,2502054,64.8,163.1,"Masculino"
"872",872,"Zona Centro",11,"No","Mala",1,4,19123,3,25,1500000,777391,80.5,178,"Masculino"
"873",873,"Zona Norte",13,"No","Buena",3,6,25515,2,32,3557208,1429549,76.2,164.5,"Masculino"
"874",874,"Zona Centro",72,"No","Buena",3,3,24143,3,26,6825189,3411844,68.4,163.4,"Femenino"
"875",875,"Zona Norte",6,"Sí","Buena",3,8,30232,4,32,8415805,5254985,69.8,177.5,"Masculino"
"876",876,"Zona Sur",9,"No","Regular",2,2,15279,0,31,1500000,751781,97.5,185.9,"Masculino"
"877",877,"Zona Norte",13,"Sí","Buena",3,1,31055,0,40,4097240,2318682,68,180.3,"Masculino"
"878",878,"Zona Sur",33,"Sí","Mala",1,5,19165,3,27,3038497,1735455,73.2,168.1,"Femenino"
"879",879,"Zona Centro",21,"Sí","Excelente",4,1,19940,1,30,1746348,1243405,79.3,159.6,"Femenino"
"880",880,"Zona Centro",10,"No","Regular",2,5,20083,0,40,1665343,1306654,67.5,172.3,"Masculino"
"881",881,"Zona Norte",58,"No","Regular",2,4,27022,4,39,3087495,1776578,63,164.6,"Femenino"
"882",882,"Zona Norte",9,"Sí","Regular",2,3,27057,1,24,3793441,2547034,56.5,158.5,"Femenino"
"883",883,"Zona Centro",18,"No","Buena",3,5,23091,2,37,3274022,2367614,71.7,153.1,"Femenino"
"884",884,"Zona Centro",15,"Sí","Regular",2,3,19803,2,38,5972162,3234773,62,175.2,"Femenino"
"885",885,"Zona Centro",9,"Sí","Buena",3,2,23804,1,31,5810405,4606281,72.4,162.8,"Masculino"
"886",886,"Zona Norte",25,"Sí","Regular",2,1,31228,1,27,4647208,3426141,64.7,154.8,"Femenino"
"887",887,"Zona Centro",19,"Sí","Mala",1,5,24932,1,55,2471258,1333411,61.7,164.3,"Femenino"
"888",888,"Zona Centro",16,"Sí","Buena",3,6,21799,1,51,1500000,873402,74.5,169.9,"Femenino"
"889",889,"Zona Sur",47,"Sí","Regular",2,3,20587,3,29,1963589,1215717,63.6,153.7,"Femenino"
"890",890,"Zona Centro",22,"Sí","Regular",2,3,19259,3,26,1500000,1107470,66.4,179.6,"Masculino"
"891",891,"Zona Centro",17,"Sí","Excelente",4,3,23579,5,26,4747730,2625780,62.5,178.3,"Masculino"
"892",892,"Zona Centro",47,"Sí","Mala",1,4,19606,2,29,3058010,1833664,71.2,170.2,"Femenino"
"893",893,"Zona Norte",16,"Sí","Buena",3,0,29980,1,34,1959746,865882,79.1,184.2,"Masculino"
"894",894,"Zona Sur",59,"No","Regular",2,4,19161,3,30,1500000,856291,77.5,165.9,"Masculino"
"895",895,"Zona Centro",43,"No","Regular",2,3,25758,1,20,4232883,1335470,70,178.6,"Masculino"
"896",896,"Zona Norte",31,"Sí","Buena",3,3,28650,0,39,8906968,4105072,65.3,153,"Femenino"
"897",897,"Zona Sur",57,"No","Excelente",4,8,15098,4,33,3868715,2116016,69.6,174.5,"Femenino"
"898",898,"Zona Norte",13,"No","Excelente",4,3,30210,4,23,8442636,4533215,83.9,172.7,"Masculino"
"899",899,"Zona Centro",36,"No","Regular",2,1,18682,3,50,3303868,1474147,82.9,164.6,"Masculino"
"900",900,"Zona Norte",24,"Sí","Regular",2,2,29138,2,48,5071645,2314290,60.8,165,"Femenino"
"901",901,"Zona Norte",18,"No","Regular",2,2,26896,1,36,2579562,1375136,55.8,163.7,"Femenino"
"902",902,"Zona Norte",25,"No","Buena",3,5,29770,2,28,2154976,1310391,70.6,162,"Femenino"
"903",903,"Zona Centro",30,"No","Mala",1,4,20018,4,38,2840612,1967886,83.1,156.7,"Femenino"
"904",904,"Zona Sur",35,"Sí","Excelente",4,6,19196,3,54,1789303,1466989,64,171,"Femenino"
"905",905,"Zona Sur",49,"No","Regular",2,3,15156,2,24,1500000,932586,65.8,162,"Femenino"
"906",906,"Zona Norte",15,"No","Regular",2,2,26714,1,34,4415141,2537177,87.7,177.6,"Masculino"
"907",907,"Zona Centro",10,"No","Mala",1,0,25207,1,35,1860527,1105316,85.1,177.3,"Masculino"
"908",908,"Zona Centro",25,"No","Regular",2,2,21400,1,38,2080300,1691399,75,150.2,"Femenino"
"909",909,"Zona Centro",16,"No","Mala",1,4,23064,4,34,2827867,2294769,81.1,173.5,"Masculino"
"910",910,"Zona Centro",15,"No","Regular",2,2,18078,2,56,3039671,1239589,83.8,170,"Masculino"
"911",911,"Zona Centro",27,"Sí","Mala",1,1,23661,1,36,2742862,1152610,64,150,"Femenino"
"912",912,"Zona Norte",38,"Sí","Excelente",4,1,29323,2,53,6324971,3706433,82.3,176.4,"Masculino"
"913",913,"Zona Centro",156,"No","Mala",1,1,22067,1,18,6997835,3615246,67,164.5,"Masculino"
"914",914,"Zona Sur",17,"No","Regular",2,6,18130,2,32,1500000,1099822,68.2,184.3,"Masculino"
"915",915,"Zona Sur",118,"No","Regular",2,6,15860,1,32,2519758,1448975,49.9,151.1,"Femenino"
"916",916,"Zona Sur",34,"No","Regular",2,1,14726,1,37,1500000,981120,67.3,153.2,"Femenino"
"917",917,"Zona Centro",136,"No","Mala",1,2,23057,4,30,3101261,1896154,73.5,168.9,"Masculino"
"918",918,"Zona Sur",16,"Sí","Excelente",4,1,23075,5,51,1500000,586905,75.2,155.1,"Femenino"
"919",919,"Zona Centro",22,"Sí","Mala",1,4,24927,1,42,6840134,4069311,60.7,167.4,"Femenino"
"920",920,"Zona Centro",24,"No","Mala",1,5,23898,4,30,3404175,2244058,74.4,171.4,"Femenino"
"921",921,"Zona Norte",61,"Sí","Regular",2,2,31214,1,30,11957417,7117459,71.6,164.2,"Femenino"
"922",922,"Zona Sur",37,"No","Buena",3,5,15814,2,51,5519270,1963890,63,156.4,"Femenino"
"923",923,"Zona Sur",9,"No","Buena",3,4,16127,1,59,2937128,1094324,67.4,166.9,"Femenino"
"924",924,"Zona Norte",21,"Sí","Regular",2,3,28696,1,35,3409835,1911798,73.1,162.3,"Masculino"
"925",925,"Zona Norte",8,"No","Excelente",4,4,23509,1,24,5089058,2872664,76.9,168.6,"Masculino"
"926",926,"Zona Centro",11,"Sí","Buena",3,6,20363,4,39,4685765,2152810,54.9,166.6,"Femenino"
"927",927,"Zona Centro",14,"Sí","Regular",2,0,25019,1,56,3641892,2399713,63.7,167.4,"Femenino"
"928",928,"Zona Norte",27,"Sí","Buena",3,0,32000,1,32,8269258,7396322,67,165.8,"Masculino"
"929",929,"Zona Sur",5,"Sí","Buena",3,1,15239,0,28,1500000,1091493,75.4,155.2,"Femenino"
"930",930,"Zona Centro",41,"Sí","Regular",2,4,20954,4,32,2417590,2122043,67,156.2,"Femenino"
"931",931,"Zona Sur",23,"No","Buena",3,2,14912,0,35,2355126,1782314,66.1,157.8,"Femenino"
"932",932,"Zona Sur",22,"Sí","Buena",3,5,17149,0,28,3245212,2020422,63.1,165.8,"Masculino"
"933",933,"Zona Centro",16,"No","Mala",1,4,23488,1,36,3447366,2545115,90.1,180.3,"Masculino"
"934",934,"Zona Norte",18,"No","Excelente",4,0,29739,3,36,1500000,1225397,51.8,159.4,"Femenino"
"935",935,"Zona Norte",23,"No","Mala",1,0,26405,2,33,2765518,1878459,69.5,160.6,"Femenino"
"936",936,"Zona Centro",36,"Sí","Mala",1,2,26034,4,66,3432598,2467448,71,166,"Femenino"
"937",937,"Zona Sur",10,"Sí","Mala",1,1,15955,2,60,1500000,982515,80,160,"Femenino"
"938",938,"Zona Centro",9,"Sí","Buena",3,5,21960,1,20,3828426,1971681,73.4,175.2,"Masculino"
"939",939,"Zona Centro",22,"Sí","Excelente",4,3,21693,1,35,7835922,3639940,59.4,156.6,"Femenino"
"940",940,"Zona Centro",46,"Sí","Mala",1,1,18492,2,60,2380814,1702908,64.7,154.5,"Femenino"
"941",941,"Zona Centro",38,"Sí","Excelente",4,6,21052,1,28,2251593,734241,51.7,162.8,"Femenino"
"942",942,"Zona Centro",68,"Sí","Excelente",4,2,22780,1,37,3155393,2208806,57.2,173.5,"Masculino"
"943",943,"Zona Centro",13,"Sí","Excelente",4,5,23417,3,45,3061088,1640051,67.6,162.7,"Femenino"
"944",944,"Zona Norte",26,"Sí","Buena",3,1,31366,1,49,4866214,3083444,66.3,178.7,"Masculino"
"945",945,"Zona Centro",8,"No","Mala",1,2,20963,1,31,2403676,1479527,73.5,163.6,"Masculino"
"946",946,"Zona Norte",12,"No","Regular",2,2,28216,2,27,8128944,2983142,67.3,150,"Femenino"
"947",947,"Zona Norte",58,"No","Excelente",4,0,29143,3,35,4940917,3316988,70.2,173.9,"Masculino"
"948",948,"Zona Sur",9,"No","Buena",3,4,18165,1,45,2310041,1406906,86.7,163.3,"Femenino"
"949",949,"Zona Centro",47,"No","Mala",1,1,20814,1,38,2527841,1790345,78,179.5,"Masculino"
"950",950,"Zona Centro",14,"No","Buena",3,3,21127,1,26,1500000,715702,72.2,172.9,"Masculino"
"951",951,"Zona Norte",9,"No","Regular",2,1,28188,1,47,3149302,2460623,60.5,178.7,"Masculino"
"952",952,"Zona Norte",45,"Sí","Buena",3,3,31135,2,23,4308919,2446985,79,161.4,"Femenino"
"953",953,"Zona Centro",12,"No","Regular",2,5,18898,1,35,2075282,846571,71.3,174.1,"Femenino"
"954",954,"Zona Norte",30,"Sí","Excelente",4,2,25993,3,34,4833030,2408321,66.4,165.1,"Femenino"
"955",955,"Zona Sur",10,"Sí","Buena",3,3,12116,4,44,2659827,1781608,52.9,179.7,"Femenino"
"956",956,"Zona Sur",39,"Sí","Buena",3,2,17458,3,45,1780083,1189870,66.9,170,"Masculino"
"957",957,"Zona Norte",19,"Sí","Regular",2,1,26023,1,36,4601060,1572503,71.5,171.1,"Masculino"
"958",958,"Zona Centro",6,"No","Mala",1,3,22048,2,45,1696045,524307,63.4,161.7,"Femenino"
"959",959,"Zona Norte",32,"No","Excelente",4,3,24675,3,49,11107047,7868502,83.5,151.1,"Femenino"
"960",960,"Zona Sur",39,"Sí","Mala",1,3,18327,1,37,1500000,555574,64.2,158.6,"Femenino"
"961",961,"Zona Sur",49,"Sí","Buena",3,5,17880,3,30,7322443,3323317,81.6,162.1,"Femenino"
"962",962,"Zona Norte",15,"Sí","Buena",3,1,26734,1,52,4631961,4181883,70.3,172.5,"Femenino"
"963",963,"Zona Centro",26,"No","Regular",2,4,20538,5,60,2688987,1568156,65.1,161.8,"Femenino"
"964",964,"Zona Norte",66,"No","Mala",1,1,24940,3,33,9494257,4124698,65.4,161.2,"Femenino"
"965",965,"Zona Norte",22,"No","Buena",3,4,29718,2,59,2487502,1103164,59.6,156.9,"Femenino"
"966",966,"Zona Norte",73,"Sí","Buena",3,5,26678,0,29,3714270,2378118,57.9,161.7,"Femenino"
"967",967,"Zona Centro",35,"No","Regular",2,5,20018,1,37,4444624,3309003,62.6,153.1,"Femenino"
"968",968,"Zona Centro",32,"No","Buena",3,3,23947,1,24,1500000,994486,77.7,165.3,"Femenino"
"969",969,"Zona Norte",63,"No","Buena",3,0,23881,0,27,2501078,1176504,88.3,166.5,"Masculino"
"970",970,"Zona Centro",46,"Sí","Buena",3,0,21184,2,64,8501377,6247333,61.8,168.5,"Masculino"
"971",971,"Zona Centro",32,"No","Mala",1,3,20276,2,26,9998565,5497869,58.8,168.3,"Masculino"
"972",972,"Zona Sur",17,"No","Regular",2,4,20265,3,34,2234341,1545968,85.5,172.8,"Masculino"
"973",973,"Zona Norte",21,"No","Buena",3,0,27015,0,41,3197862,1379296,60.3,164.7,"Femenino"
"974",974,"Zona Norte",9,"No","Regular",2,3,31349,1,32,4786764,3088304,63.1,161.1,"Femenino"
"975",975,"Zona Centro",11,"No","Mala",1,1,24608,4,36,4611592,3898243,62.4,154.1,"Femenino"
"976",976,"Zona Norte",47,"No","Regular",2,1,29018,2,48,2331478,1564432,84,176.4,"Masculino"
"977",977,"Zona Sur",12,"Sí","Regular",2,2,16910,0,35,3737457,2472697,75.5,168.7,"Femenino"
"978",978,"Zona Centro",80,"Sí","Buena",3,3,20653,0,57,2102457,1257901,76.8,176.1,"Masculino"
"979",979,"Zona Sur",11,"No","Buena",3,1,16856,2,39,3730485,2553198,81.3,176,"Masculino"
"980",980,"Zona Norte",29,"Sí","Mala",1,2,26328,2,47,3252747,2049466,82.6,177.8,"Masculino"
"981",981,"Zona Norte",14,"Sí","Regular",2,0,27525,3,34,2452318,1995792,86.7,170.6,"Masculino"
"982",982,"Zona Centro",151,"Sí","Regular",2,4,18920,1,56,8612756,5791865,74.5,158.8,"Masculino"
"983",983,"Zona Centro",7,"No","Regular",2,2,20995,1,43,1500000,715532,76.3,164.6,"Femenino"
"984",984,"Zona Sur",13,"No","Regular",2,7,12757,3,41,2081545,1557833,72.5,157.7,"Femenino"
"985",985,"Zona Norte",39,"No","Buena",3,1,24960,2,28,7662921,5034221,66,160.8,"Femenino"
"986",986,"Zona Centro",102,"No","Buena",3,3,22390,3,53,1500000,1028805,86.7,175.7,"Femenino"
"987",987,"Zona Centro",55,"Sí","Buena",3,5,17390,3,21,3629396,1596213,71.2,177.3,"Masculino"
"988",988,"Zona Sur",12,"No","Regular",2,7,14354,0,45,3270074,2565067,57.5,152.5,"Femenino"
"989",989,"Zona Norte",26,"No","Excelente",4,2,30287,1,30,1500000,845775,64.8,180.9,"Masculino"
"990",990,"Zona Centro",6,"No","Regular",2,4,21479,2,23,2655048,1686586,61.6,164.5,"Masculino"
"991",991,"Zona Norte",9,"No","Regular",2,2,31389,1,22,4403124,2433420,77.8,174.8,"Masculino"
"992",992,"Zona Centro",31,"No","Buena",3,1,18302,2,43,2324677,1247812,83.5,161.4,"Femenino"
"993",993,"Zona Centro",29,"No","Buena",3,2,16993,2,43,2941902,1480996,86.1,169.3,"Masculino"
"994",994,"Zona Centro",40,"Sí","Regular",2,4,24765,5,32,4202405,2489249,65.2,160.9,"Femenino"
"995",995,"Zona Centro",28,"Sí","Regular",2,1,24725,1,48,5190145,2659950,66.8,180.8,"Masculino"
"996",996,"Zona Sur",65,"No","Regular",2,3,19830,4,24,1843934,1085415,60.3,159.8,"Femenino"
"997",997,"Zona Sur",45,"Sí","Excelente",4,2,15278,4,45,3158016,2030331,63.3,165,"Masculino"
"998",998,"Zona Centro",16,"Sí","Regular",2,1,18966,1,56,2577139,981299,79.7,167,"Femenino"
"999",999,"Zona Sur",61,"No","Buena",3,1,19536,0,38,1500000,925834,75.3,186,"Masculino"
"1000",1000,"Zona Sur",15,"No","Mala",1,6,12000,1,44,1500000,994966,70.9,166.1,"Masculino"
"1001",1001,"Zona Centro",45,"No","Mala",1,2,21790,3,35,4777465,1980213,76.7,160.4,"Masculino"
"1002",1002,"Zona Norte",88,"No","Excelente",4,4,25980,1,34,3661627,1207327,58.5,174,"Masculino"
"1003",1003,"Zona Sur",23,"Sí","Buena",3,3,14937,3,32,2109461,1074610,63.2,171.8,"Masculino"
"1004",1004,"Zona Norte",25,"Sí","Regular",2,1,28265,0,48,2607287,1272776,48.8,155.1,"Femenino"
"1005",1005,"Zona Centro",23,"No","Buena",3,4,21062,1,38,1500000,770538,72.8,161.8,"Femenino"
"1006",1006,"Zona Centro",23,"Sí","Buena",3,3,22485,1,36,8084611,7284639,84,172.3,"Masculino"
"1007",1007,"Zona Centro",39,"Sí","Buena",3,1,17165,1,34,2761057,1025975,69.8,157.1,"Masculino"
"1008",1008,"Zona Norte",14,"No","Buena",3,3,30380,1,40,2368395,1846172,66.6,177.7,"Masculino"
"1009",1009,"Zona Centro",15,"Sí","Excelente",4,3,24961,1,28,5336043,3686744,81.4,183.5,"Masculino"
"1010",1010,"Zona Norte",39,"No","Excelente",4,3,26229,2,35,14169594,10256892,62.7,176.8,"Masculino"
"1011",1011,"Zona Centro",21,"No","Regular",2,4,27158,5,34,3411310,2099106,60.7,168.9,"Femenino"
"1012",1012,"Zona Centro",83,"No","Buena",3,3,17935,2,45,1740717,965375,83.7,182.5,"Masculino"
"1013",1013,"Zona Centro",65,"No","Regular",2,1,25411,2,49,10638005,7213061,64.6,161.9,"Femenino"
"1014",1014,"Zona Centro",108,"Sí","Excelente",4,1,19975,1,27,4104859,2483563,77.5,172.5,"Masculino"
"1015",1015,"Zona Sur",6,"No","Buena",3,5,13959,3,31,12455308,7903120,82.1,159,"Femenino"
"1016",1016,"Zona Sur",35,"Sí","Excelente",4,6,14948,2,45,5882521,3963911,69.1,183.4,"Masculino"
"1017",1017,"Zona Sur",8,"No","Mala",1,8,16240,5,39,1500000,807109,75.7,172.4,"Masculino"
"1018",1018,"Zona Sur",10,"Sí","Excelente",4,6,16987,5,37,3249133,1819305,74.7,158.6,"Femenino"
"1019",1019,"Zona Norte",9,"No","Regular",2,3,27934,2,36,4342229,2678763,53.8,178.6,"Masculino"
"1020",1020,"Zona Sur",22,"Sí","Regular",2,9,13162,5,27,1500000,500000,73.8,174.6,"Masculino"
"1021",1021,"Zona Sur",8,"No","Excelente",4,5,18930,3,24,2198029,1735125,82.9,173.9,"Masculino"
"1022",1022,"Zona Centro",23,"Sí","Excelente",4,3,21356,1,28,3418367,2132546,79.2,159,"Masculino"
"1023",1023,"Zona Centro",18,"No","Buena",3,2,19514,3,60,4633286,2882641,67.8,163.1,"Femenino"
"1024",1024,"Zona Centro",22,"No","Regular",2,2,20845,4,34,3941439,2204794,79.2,165.2,"Femenino"
"1025",1025,"Zona Norte",48,"No","Mala",1,1,29278,1,30,2537103,1685403,70,161.9,"Femenino"
"1026",1026,"Zona Norte",24,"No","Mala",1,2,31317,0,34,2839017,2193103,65.4,150,"Femenino"
"1027",1027,"Zona Norte",8,"Sí","Mala",1,2,27099,1,43,3536962,2526209,69.5,167.3,"Masculino"
"1028",1028,"Zona Centro",16,"Sí","Buena",3,5,25486,4,27,12891210,6466213,70.3,178.9,"Masculino"
"1029",1029,"Zona Centro",40,"No","Regular",2,2,24491,2,47,1850194,1061523,67.7,157.5,"Femenino"
"1030",1030,"Zona Sur",30,"No","Mala",1,5,16718,1,53,3182210,2096470,69,150.6,"Femenino"
"1031",1031,"Zona Centro",10,"Sí","Excelente",4,5,23691,2,31,7417222,5644091,86.3,153.7,"Femenino"
"1032",1032,"Zona Norte",14,"Sí","Excelente",4,1,25718,1,40,6014044,4298757,61.6,163,"Femenino"
"1033",1033,"Zona Norte",60,"Sí","Buena",3,1,28107,0,32,6616196,3217519,70.5,158,"Femenino"
"1034",1034,"Zona Sur",69,"No","Regular",2,0,16334,1,35,3198510,2405506,62.3,162.3,"Femenino"
"1035",1035,"Zona Centro",7,"No","Regular",2,2,18816,3,49,2441180,1783478,45,158.4,"Femenino"
"1036",1036,"Zona Norte",33,"Sí","Regular",2,1,25183,3,32,2539562,1447724,54.6,150,"Femenino"
"1037",1037,"Zona Sur",4,"No","Mala",1,3,15349,0,43,1998106,1386732,76.9,177.8,"Masculino"
"1038",1038,"Zona Sur",33,"Sí","Mala",1,2,20473,2,22,1500000,1198164,79.6,162.8,"Femenino"
"1039",1039,"Zona Centro",23,"No","Regular",2,2,19825,1,35,1500000,1217714,64.1,163.9,"Femenino"
"1040",1040,"Zona Centro",97,"No","Mala",1,4,22747,2,36,3332928,2174229,75.2,173.1,"Masculino"
"1041",1041,"Zona Sur",34,"Sí","Buena",3,3,19073,1,49,1998140,964652,68.1,159.2,"Femenino"
"1042",1042,"Zona Centro",39,"No","Mala",1,3,25830,3,25,1730152,977922,57.7,175,"Masculino"
"1043",1043,"Zona Centro",70,"No","Buena",3,6,21809,0,44,4785320,2557428,86,170.3,"Femenino"
"1044",1044,"Zona Centro",31,"No","Mala",1,5,19275,5,57,2137785,1265581,76.8,176.2,"Masculino"
"1045",1045,"Zona Sur",74,"No","Buena",3,4,16010,1,30,1500000,798509,59.3,173.4,"Masculino"
"1046",1046,"Zona Centro",8,"No","Mala",1,3,24467,3,40,1608693,503897,63.6,177,"Masculino"
"1047",1047,"Zona Sur",34,"Sí","Excelente",4,9,15840,4,46,1500000,1216704,55.3,167.4,"Masculino"
"1048",1048,"Zona Norte",66,"Sí","Buena",3,3,29983,2,28,10445385,6889577,64.9,181.6,"Masculino"
"1049",1049,"Zona Sur",114,"No","Regular",2,4,15338,3,27,3417716,1344583,73.5,169.3,"Masculino"
"1050",1050,"Zona Centro",26,"Sí","Buena",3,3,21914,1,36,5475575,3497839,63.1,150,"Femenino"
"1051",1051,"Zona Centro",21,"Sí","Regular",2,1,25455,2,34,4560052,2616171,72.8,159.6,"Femenino"
"1052",1052,"Zona Norte",13,"Sí","Excelente",4,2,26993,1,22,5551638,3661982,72.6,165.5,"Femenino"
"1053",1053,"Zona Centro",27,"No","Regular",2,1,20805,3,32,1798584,967174,69.7,158,"Femenino"
"1054",1054,"Zona Sur",42,"No","Buena",3,7,16872,4,25,2737199,1962280,69.2,163.9,"Masculino"
"1055",1055,"Zona Centro",11,"Sí","Buena",3,3,24861,1,30,2084576,1065668,60,165,"Femenino"
"1056",1056,"Zona Centro",42,"Sí","Mala",1,0,21614,2,73,3442212,1873540,69.9,156.9,"Femenino"
"1057",1057,"Zona Norte",8,"No","Mala",1,1,27711,0,39,7379953,5397360,75,158.6,"Femenino"
"1058",1058,"Zona Sur",41,"Sí","Mala",1,5,19684,3,35,1652266,1017371,66.9,166.7,"Femenino"
"1059",1059,"Zona Norte",5,"No","Regular",2,1,29679,0,27,8341191,2587161,69.1,169.9,"Masculino"
"1060",1060,"Zona Norte",42,"No","Buena",3,0,32000,2,41,6697214,3940623,82.8,175,"Masculino"
"1061",1061,"Zona Sur",37,"No","Mala",1,1,16155,5,48,5018386,3512035,78.7,169.1,"Masculino"
"1062",1062,"Zona Centro",25,"No","Buena",3,2,22223,1,30,1500000,1051034,53.6,162.4,"Femenino"
"1063",1063,"Zona Norte",26,"Sí","Excelente",4,2,27270,4,46,7153520,3837779,86.4,169.5,"Femenino"
"1064",1064,"Zona Centro",43,"No","Regular",2,2,20145,1,37,1500000,583544,72.3,163.9,"Masculino"
"1065",1065,"Zona Sur",90,"No","Regular",2,5,17241,5,44,7173346,4117680,65.2,172.4,"Masculino"
"1066",1066,"Zona Centro",92,"No","Mala",1,7,24949,3,34,2596248,1910083,84.6,171.4,"Masculino"
"1067",1067,"Zona Centro",34,"No","Mala",1,3,24448,2,50,4279576,2817648,77.6,166.3,"Masculino"
"1068",1068,"Zona Centro",35,"Sí","Regular",2,3,19978,1,65,6939009,3924556,66.9,171.9,"Masculino"
"1069",1069,"Zona Centro",18,"No","Regular",2,2,21958,0,45,2819012,1532663,64.7,168.7,"Femenino"
"1070",1070,"Zona Centro",14,"No","Excelente",4,3,16170,2,28,2040224,1813712,64.2,168.9,"Masculino"
"1071",1071,"Zona Norte",43,"No","Buena",3,4,28523,2,27,3125592,1677182,61.9,160.8,"Femenino"
"1072",1072,"Zona Sur",31,"Sí","Regular",2,3,15120,3,31,1691980,1192327,66.2,157.6,"Femenino"
"1073",1073,"Zona Sur",11,"No","Regular",2,9,17951,5,61,1500000,1029182,73.3,171.8,"Masculino"
"1074",1074,"Zona Sur",39,"Sí","Mala",1,1,18007,5,57,3241242,1926476,71.9,178.8,"Masculino"
"1075",1075,"Zona Centro",34,"Sí","Regular",2,3,20448,5,28,3178372,1821561,67.1,176.5,"Masculino"
"1076",1076,"Zona Centro",48,"No","Regular",2,4,20393,0,34,4801476,3419194,64.1,159.6,"Femenino"
"1077",1077,"Zona Centro",6,"Sí","Regular",2,2,19322,0,42,1679486,729457,70.2,157.1,"Femenino"
"1078",1078,"Zona Centro",43,"Sí","Excelente",4,6,21506,1,39,4187708,2616123,54.4,161.1,"Femenino"
"1079",1079,"Zona Centro",8,"No","Buena",3,6,21077,1,53,1500000,814342,76.2,165.5,"Masculino"
"1080",1080,"Zona Norte",8,"No","Buena",3,1,27979,2,32,1603629,1270728,61.5,169.8,"Masculino"
"1081",1081,"Zona Sur",53,"No","Mala",1,5,18147,3,31,1500000,917925,59.5,179.9,"Masculino"
"1082",1082,"Zona Centro",47,"No","Regular",2,3,26339,3,25,1500000,1015695,61.4,163,"Femenino"
"1083",1083,"Zona Norte",47,"Sí","Regular",2,2,31029,2,21,9651874,7452129,75.9,174.5,"Masculino"
"1084",1084,"Zona Centro",29,"Sí","Mala",1,1,18689,0,41,3785290,3371528,79.1,168.9,"Femenino"
"1085",1085,"Zona Norte",21,"No","Buena",3,1,26838,0,30,3103221,1672752,82.7,168.8,"Masculino"
"1086",1086,"Zona Norte",58,"No","Regular",2,2,25529,1,37,15000000,11071464,48.9,153.2,"Femenino"
"1087",1087,"Zona Sur",66,"Sí","Excelente",4,4,16504,3,49,1500000,957096,77.3,165.1,"Masculino"
"1088",1088,"Zona Centro",81,"Sí","Regular",2,3,22367,0,42,4905061,2383590,83.3,176.4,"Masculino"
"1089",1089,"Zona Centro",25,"No","Buena",3,1,20661,0,34,1500000,500000,82.1,163.7,"Femenino"
"1090",1090,"Zona Centro",17,"Sí","Mala",1,2,18321,4,31,3728406,2152812,85.5,175.6,"Masculino"
"1091",1091,"Zona Norte",34,"No","Buena",3,1,27117,5,29,7558909,4535286,76.9,173.4,"Masculino"
"1092",1092,"Zona Centro",31,"No","Regular",2,2,21069,0,35,3891707,2690250,66.9,157.8,"Femenino"
"1093",1093,"Zona Centro",32,"No","Regular",2,1,23994,2,42,1500000,965079,77.7,166.2,"Masculino"
"1094",1094,"Zona Centro",21,"Sí","Regular",2,2,25052,0,56,2012917,937749,74.9,167.2,"Masculino"
"1095",1095,"Zona Sur",43,"No","Mala",1,8,18692,2,28,4233899,2478091,73.8,176.8,"Masculino"
"1096",1096,"Zona Norte",7,"No","Excelente",4,3,26754,2,44,3207116,1911572,65.2,179.9,"Masculino"
"1097",1097,"Zona Centro",67,"Sí","Buena",3,2,22754,0,46,3107877,1749382,64.5,167.4,"Femenino"
"1098",1098,"Zona Sur",15,"Sí","Buena",3,0,17447,2,29,1896067,1040909,71.7,164.6,"Masculino"
"1099",1099,"Zona Centro",29,"No","Buena",3,3,23061,1,32,6080558,3023858,65.5,157.6,"Femenino"
"1100",1100,"Zona Sur",52,"Sí","Buena",3,3,15135,0,38,1898824,882203,79.1,177.7,"Masculino"
"1101",1101,"Zona Sur",84,"No","Mala",1,4,17515,2,24,1500000,1065165,72.2,172.5,"Masculino"
"1102",1102,"Zona Sur",28,"Sí","Excelente",4,5,18109,5,29,1500000,735882,56.6,160.6,"Femenino"
"1103",1103,"Zona Centro",47,"No","Mala",1,1,21984,2,64,2324953,1732399,78.6,177.7,"Masculino"
"1104",1104,"Zona Centro",19,"Sí","Regular",2,0,20611,1,26,1500000,821846,84.3,172.9,"Masculino"
"1105",1105,"Zona Sur",63,"No","Mala",1,3,17308,3,38,1779141,1409826,70.2,174.3,"Masculino"
"1106",1106,"Zona Centro",21,"No","Mala",1,2,22143,3,29,5801890,3815216,61.3,174.6,"Masculino"
"1107",1107,"Zona Centro",25,"Sí","Buena",3,0,21572,2,54,2387085,1300353,64,166,"Masculino"
"1108",1108,"Zona Norte",103,"Sí","Mala",1,1,27354,0,35,4425645,2052393,67,156.9,"Femenino"
"1109",1109,"Zona Sur",50,"No","Regular",2,6,19473,1,48,1500000,500000,76.6,170.3,"Masculino"
"1110",1110,"Zona Norte",41,"No","Buena",3,2,25344,4,20,2306812,1379936,64.4,150.1,"Femenino"
"1111",1111,"Zona Centro",6,"Sí","Mala",1,1,24609,3,27,4820076,3218656,71.6,167.4,"Masculino"
"1112",1112,"Zona Norte",15,"Sí","Mala",1,1,29956,1,40,3754751,1865156,58.4,153.3,"Femenino"
"1113",1113,"Zona Centro",19,"Sí","Buena",3,0,21444,1,29,1500000,555758,76.1,161.1,"Femenino"
"1114",1114,"Zona Norte",14,"No","Regular",2,0,28038,1,44,5002535,2805157,65.8,162.7,"Femenino"
"1115",1115,"Zona Centro",16,"No","Mala",1,4,20883,0,24,2335390,1969306,73.6,166,"Masculino"
"1116",1116,"Zona Centro",35,"Sí","Buena",3,1,23310,1,49,2406393,1172511,77.2,158,"Femenino"
"1117",1117,"Zona Norte",35,"Sí","Excelente",4,1,31065,1,58,7940072,5441291,74.1,154.4,"Femenino"
"1118",1118,"Zona Norte",15,"Sí","Mala",1,0,28330,2,53,15000000,10587729,48.4,152.9,"Femenino"
"1119",1119,"Zona Norte",35,"No","Buena",3,4,29114,4,22,1571315,980092,69.1,172.8,"Femenino"
"1120",1120,"Zona Centro",35,"No","Regular",2,5,22797,2,37,4369426,2123950,62.6,174.5,"Masculino"
"1121",1121,"Zona Centro",17,"No","Buena",3,5,20412,3,27,2801090,1687025,66.6,151.1,"Femenino"
"1122",1122,"Zona Norte",12,"No","Buena",3,1,25556,0,35,4779351,1677497,45,150,"Femenino"
"1123",1123,"Zona Centro",26,"Sí","Buena",3,1,22908,1,36,7544725,4559410,64.6,162.5,"Femenino"
"1124",1124,"Zona Centro",33,"No","Excelente",4,3,18099,1,31,3178349,2202783,68,151.4,"Femenino"
"1125",1125,"Zona Sur",18,"No","Buena",3,2,14258,1,22,1500000,839730,86.9,160,"Femenino"
"1126",1126,"Zona Centro",11,"Sí","Regular",2,3,22221,2,47,1500000,722598,66.7,151.5,"Femenino"
"1127",1127,"Zona Centro",34,"Sí","Buena",3,0,18672,3,42,2517982,1451501,65.8,173,"Masculino"
"1128",1128,"Zona Centro",11,"No","Regular",2,2,22393,3,30,5927909,2840801,67.7,151.5,"Femenino"
"1129",1129,"Zona Centro",6,"Sí","Excelente",4,1,29720,0,25,10894368,8326177,62.8,150,"Femenino"
"1130",1130,"Zona Sur",26,"Sí","Buena",3,3,14214,2,45,4409738,2657810,56.7,156.5,"Femenino"
"1131",1131,"Zona Centro",31,"Sí","Regular",2,2,22070,1,25,1884778,1834244,81.4,165.8,"Masculino"
"1132",1132,"Zona Norte",100,"Sí","Excelente",4,2,27450,0,41,6740477,4036291,77.2,174.8,"Masculino"
"1133",1133,"Zona Centro",35,"Sí","Buena",3,2,23813,1,38,7370615,2554341,59,150.1,"Femenino"
"1134",1134,"Zona Sur",15,"No","Mala",1,3,19544,2,25,2515607,1509704,60.2,162.2,"Femenino"
"1135",1135,"Zona Sur",16,"No","Buena",3,7,14554,1,49,2405468,1425596,63.8,163.6,"Femenino"
"1136",1136,"Zona Sur",29,"No","Mala",1,5,16557,2,36,1500000,869156,81.3,158.6,"Femenino"
"1137",1137,"Zona Centro",13,"No","Buena",3,1,21793,4,30,6530338,3083985,85.4,172.7,"Masculino"
"1138",1138,"Zona Sur",21,"Sí","Buena",3,6,17887,5,23,1767857,881067,73,172.6,"Masculino"
"1139",1139,"Zona Centro",21,"No","Regular",2,4,27593,4,19,9943255,5232660,68.8,161.9,"Femenino"
"1140",1140,"Zona Centro",9,"No","Buena",3,5,20861,4,23,1983247,1279786,46.8,153.8,"Femenino"
"1141",1141,"Zona Norte",71,"Sí","Excelente",4,4,25100,1,48,3424467,1763626,58.4,166.7,"Masculino"
"1142",1142,"Zona Centro",38,"Sí","Mala",1,3,25133,2,29,2180627,1509559,56.3,168.6,"Femenino"
"1143",1143,"Zona Centro",27,"Sí","Regular",2,3,23471,5,30,3107126,2183409,68.9,164.2,"Masculino"
"1144",1144,"Zona Centro",72,"No","Mala",1,1,24602,0,41,1500000,1037366,67.2,177.2,"Masculino"
"1145",1145,"Zona Sur",32,"No","Excelente",4,2,15724,1,38,1500000,941922,51.1,163,"Femenino"
"1146",1146,"Zona Centro",102,"Sí","Buena",3,8,21101,5,34,4138956,1819015,67,178.5,"Masculino"
"1147",1147,"Zona Sur",15,"No","Mala",1,3,19962,0,24,4469570,2141414,54.7,188.1,"Masculino"
"1148",1148,"Zona Centro",17,"No","Buena",3,5,24147,2,29,2962234,1878240,81.8,174.5,"Masculino"
"1149",1149,"Zona Centro",12,"No","Buena",3,1,19062,0,26,5506469,3523107,60.1,168.1,"Masculino"
"1150",1150,"Zona Norte",59,"No","Regular",2,1,23541,2,23,4355534,2357276,74.7,164.3,"Femenino"
"1151",1151,"Zona Centro",15,"No","Regular",2,1,24031,2,33,1512976,1350754,81.2,161.7,"Masculino"
"1152",1152,"Zona Norte",10,"No","Buena",3,1,28534,3,49,3006748,1868916,66,170.3,"Masculino"
"1153",1153,"Zona Sur",17,"No","Mala",1,6,16470,2,32,2377875,1528726,69.5,158.5,"Femenino"
"1154",1154,"Zona Centro",37,"Sí","Excelente",4,6,23677,4,42,1930580,1120179,68,181.6,"Masculino"
"1155",1155,"Zona Centro",17,"No","Excelente",4,2,21467,1,37,1973141,1123062,74.7,164.1,"Femenino"
"1156",1156,"Zona Norte",33,"Sí","Buena",3,4,28206,0,46,3639719,1281405,79.3,168.9,"Masculino"
"1157",1157,"Zona Norte",11,"No","Mala",1,0,31513,1,41,1855401,887879,64.4,163,"Femenino"
"1158",1158,"Zona Sur",12,"No","Excelente",4,9,18016,3,37,5422668,1718625,57,154.3,"Femenino"
"1159",1159,"Zona Centro",10,"No","Excelente",4,4,21166,1,26,1587602,896157,77.3,179.2,"Masculino"
"1160",1160,"Zona Sur",45,"No","Regular",2,4,16475,1,50,2308416,1082029,72.2,160.3,"Femenino"
"1161",1161,"Zona Norte",59,"No","Excelente",4,5,24790,0,32,5001971,3049738,50.4,175.6,"Masculino"
"1162",1162,"Zona Centro",10,"Sí","Buena",3,2,15738,4,31,2830417,1176978,78.9,187.1,"Masculino"
"1163",1163,"Zona Sur",13,"No","Excelente",4,8,17626,4,33,2025062,1127961,83,175.7,"Masculino"
"1164",1164,"Zona Norte",43,"No","Mala",1,5,30106,1,35,2960529,1461756,78.4,165.2,"Masculino"
"1165",1165,"Zona Norte",30,"No","Excelente",4,2,27672,1,52,5470846,3163618,78.7,162,"Femenino"
"1166",1166,"Zona Centro",27,"No","Regular",2,0,22034,0,39,2246373,1622624,73.1,156.4,"Femenino"
"1167",1167,"Zona Norte",34,"No","Excelente",4,1,25159,1,30,6745233,3642296,66.4,150,"Femenino"
"1168",1168,"Zona Sur",53,"No","Mala",1,3,14614,1,41,2365031,1270455,86,172.2,"Masculino"
"1169",1169,"Zona Sur",59,"No","Mala",1,3,19251,3,26,1598601,779947,63.3,160.1,"Femenino"
"1170",1170,"Zona Sur",48,"No","Excelente",4,7,16493,3,33,1585918,627992,84.9,182.2,"Masculino"
"1171",1171,"Zona Sur",16,"No","Buena",3,3,14741,0,25,5283006,3441728,66.1,158.7,"Femenino"
"1172",1172,"Zona Sur",45,"No","Mala",1,2,17727,1,40,2500525,1563005,70.7,173.5,"Masculino"
"1173",1173,"Zona Sur",35,"Sí","Buena",3,5,17680,0,43,1500000,905497,45.7,152.3,"Femenino"
"1174",1174,"Zona Centro",33,"Sí","Buena",3,1,26073,0,32,2291385,1412485,71.3,169.1,"Masculino"
"1175",1175,"Zona Centro",83,"No","Regular",2,4,26817,3,29,1500000,947589,68.9,159.1,"Femenino"
"1176",1176,"Zona Centro",9,"No","Regular",2,6,16892,5,25,1818549,800806,69.5,161.6,"Femenino"
"1177",1177,"Zona Sur",15,"No","Regular",2,4,14605,3,33,1500000,839858,79.9,165.6,"Masculino"
"1178",1178,"Zona Norte",108,"Sí","Excelente",4,0,29083,0,31,2157284,1728083,52.8,172.8,"Femenino"
"1179",1179,"Zona Sur",55,"No","Mala",1,4,14110,2,39,2827897,1685070,88.5,173.5,"Masculino"
"1180",1180,"Zona Sur",38,"Sí","Mala",1,4,15481,1,42,3442985,2329241,64,161.9,"Femenino"
"1181",1181,"Zona Centro",7,"Sí","Buena",3,4,17418,2,36,2433275,1221854,73.3,164.6,"Femenino"
"1182",1182,"Zona Sur",39,"No","Mala",1,4,20639,3,35,1500000,661031,82.6,173.6,"Masculino"
"1183",1183,"Zona Centro",54,"Sí","Excelente",4,4,24083,2,37,1500000,1033984,75.8,168.6,"Masculino"
"1184",1184,"Zona Centro",46,"No","Mala",1,2,21218,0,37,5469093,2623340,73.4,170.6,"Femenino"
"1185",1185,"Zona Sur",22,"Sí","Regular",2,5,18699,4,59,1890723,713651,78.2,180.3,"Masculino"
"1186",1186,"Zona Centro",7,"Sí","Buena",3,4,21774,4,51,1500000,1030907,74.3,184.5,"Masculino"
"1187",1187,"Zona Sur",11,"No","Buena",3,1,16557,1,31,2150072,1206847,64,158.3,"Femenino"
"1188",1188,"Zona Centro",25,"Sí","Buena",3,1,18840,2,29,5355730,3083372,66.6,173.1,"Masculino"
"1189",1189,"Zona Centro",28,"Sí","Excelente",4,3,19718,3,28,1544476,798205,73.9,171.7,"Masculino"
"1190",1190,"Zona Centro",56,"Sí","Regular",2,0,22402,1,40,1500000,1025245,68.1,169.8,"Masculino"
"1191",1191,"Zona Sur",43,"No","Excelente",4,0,18147,2,37,3307260,1729567,77.8,181,"Masculino"
"1192",1192,"Zona Sur",15,"No","Mala",1,2,18192,3,46,3395036,1871689,69.3,167,"Femenino"
"1193",1193,"Zona Centro",103,"Sí","Buena",3,7,22170,3,32,7607359,3918775,75.9,152.3,"Femenino"
"1194",1194,"Zona Norte",10,"Sí","Buena",3,1,23952,1,61,2453157,1558864,45,158,"Femenino"
"1195",1195,"Zona Norte",20,"Sí","Buena",3,2,29036,1,37,8240071,4644548,68.7,175.2,"Masculino"
"1196",1196,"Zona Centro",31,"No","Mala",1,5,21267,2,38,1694322,872743,72.7,172.7,"Masculino"
"1197",1197,"Zona Norte",18,"Sí","Regular",2,1,29602,2,32,4479871,2838613,73.1,164,"Femenino"
"1198",1198,"Zona Centro",12,"Sí","Regular",2,2,18698,3,46,1533180,784053,67.7,160.4,"Femenino"
"1199",1199,"Zona Sur",44,"No","Excelente",4,5,17255,2,29,1500000,735743,79.8,164.6,"Femenino"
"1200",1200,"Zona Sur",35,"Sí","Buena",3,5,20360,3,36,1500000,1203150,76,169.6,"Masculino"
